"date_str","blm","alm","blulm","total"
"2013-01-01",0,0,0,0
"2013-01-02",0,0,0,0
"2013-01-03",0,0,0,0
"2013-01-04",0,0,0,0
"2013-01-05",0,0,0,0
"2013-01-06",0,0,0,0
"2013-01-07",0,0,0,0
"2013-01-08",0,0,0,0
"2013-01-09",0,0,0,0
"2013-01-10",0,0,0,0
"2013-01-11",0,0,0,0
"2013-01-12",0,0,0,0
"2013-01-13",0,0,0,0
"2013-01-14",0,0,0,0
"2013-01-15",0,0,0,0
"2013-01-16",0,0,0,0
"2013-01-17",0,0,0,0
"2013-01-18",0,0,0,0
"2013-01-19",0,0,0,0
"2013-01-20",0,0,0,0
"2013-01-21",0,0,0,0
"2013-01-22",0,0,0,0
"2013-01-23",0,0,0,0
"2013-01-24",0,0,0,0
"2013-01-25",0,0,0,0
"2013-01-26",0,0,0,0
"2013-01-27",0,0,0,0
"2013-01-28",1,0,0,1
"2013-01-29",0,0,0,0
"2013-01-30",0,0,0,0
"2013-01-31",0,0,0,0
"2013-02-01",0,0,0,0
"2013-02-02",0,0,0,0
"2013-02-03",0,0,0,0
"2013-02-04",0,0,0,0
"2013-02-05",0,0,0,0
"2013-02-06",0,1,0,1
"2013-02-07",0,0,0,0
"2013-02-08",0,0,0,0
"2013-02-09",0,0,0,0
"2013-02-10",0,0,0,0
"2013-02-11",0,0,0,0
"2013-02-12",0,0,0,0
"2013-02-13",0,0,0,0
"2013-02-14",0,0,0,0
"2013-02-15",0,0,0,0
"2013-02-16",0,0,0,0
"2013-02-17",0,0,0,0
"2013-02-18",0,0,0,0
"2013-02-19",0,0,0,0
"2013-02-20",0,0,0,0
"2013-02-21",0,0,0,0
"2013-02-22",0,0,0,0
"2013-02-23",0,0,0,0
"2013-02-24",0,0,0,0
"2013-02-25",0,0,0,0
"2013-02-26",0,0,0,0
"2013-02-27",0,0,0,0
"2013-02-28",0,0,0,0
"2013-03-01",0,0,0,0
"2013-03-02",0,0,0,0
"2013-03-03",0,0,0,0
"2013-03-04",0,0,0,0
"2013-03-05",0,0,0,0
"2013-03-06",2,0,0,2
"2013-03-07",0,0,0,0
"2013-03-08",0,0,0,0
"2013-03-09",0,0,0,0
"2013-03-10",0,0,0,0
"2013-03-11",0,0,0,0
"2013-03-12",0,0,0,0
"2013-03-13",0,0,0,0
"2013-03-14",1,0,0,1
"2013-03-15",0,0,0,0
"2013-03-16",0,0,0,0
"2013-03-17",0,0,0,0
"2013-03-18",0,0,0,0
"2013-03-19",0,0,0,0
"2013-03-20",0,0,0,0
"2013-03-21",0,0,0,0
"2013-03-22",1,0,0,1
"2013-03-23",5,0,0,5
"2013-03-24",0,0,0,0
"2013-03-25",12,0,0,12
"2013-03-26",0,0,0,0
"2013-03-27",1,0,0,1
"2013-03-28",0,0,0,0
"2013-03-29",0,0,0,0
"2013-03-30",0,0,0,0
"2013-03-31",0,0,0,0
"2013-04-01",0,0,0,0
"2013-04-02",0,0,0,0
"2013-04-03",0,0,0,0
"2013-04-04",0,0,0,0
"2013-04-05",0,0,0,0
"2013-04-06",0,0,0,0
"2013-04-07",0,0,0,0
"2013-04-08",1,0,0,1
"2013-04-09",0,0,0,0
"2013-04-10",0,0,0,0
"2013-04-11",0,0,0,0
"2013-04-12",0,0,0,0
"2013-04-13",0,0,0,0
"2013-04-14",0,0,0,0
"2013-04-15",0,0,0,0
"2013-04-16",0,0,0,0
"2013-04-17",0,0,0,0
"2013-04-18",0,0,0,0
"2013-04-19",0,0,0,0
"2013-04-20",0,0,0,0
"2013-04-21",0,0,0,0
"2013-04-22",0,0,0,0
"2013-04-23",0,0,0,0
"2013-04-24",0,0,0,0
"2013-04-25",0,0,0,0
"2013-04-26",0,1,0,1
"2013-04-27",0,0,0,0
"2013-04-28",0,0,0,0
"2013-04-29",0,0,0,0
"2013-04-30",0,0,0,0
"2013-05-01",0,0,0,0
"2013-05-02",0,0,0,0
"2013-05-03",0,0,0,0
"2013-05-04",0,0,0,0
"2013-05-05",0,0,0,0
"2013-05-06",0,0,0,0
"2013-05-07",0,0,0,0
"2013-05-08",0,0,0,0
"2013-05-09",0,0,0,0
"2013-05-10",0,0,0,0
"2013-05-11",0,0,0,0
"2013-05-12",0,0,0,0
"2013-05-13",0,0,0,0
"2013-05-14",0,0,0,0
"2013-05-15",0,0,0,0
"2013-05-16",0,0,0,0
"2013-05-17",0,0,0,0
"2013-05-18",0,0,0,0
"2013-05-19",0,0,0,0
"2013-05-20",0,0,0,0
"2013-05-21",0,0,0,0
"2013-05-22",0,0,0,0
"2013-05-23",0,0,0,0
"2013-05-24",0,0,0,0
"2013-05-25",0,0,0,0
"2013-05-26",0,0,0,0
"2013-05-27",0,0,0,0
"2013-05-28",0,0,0,0
"2013-05-29",0,0,0,0
"2013-05-30",0,0,0,0
"2013-05-31",0,0,0,0
"2013-06-01",0,0,0,0
"2013-06-02",0,0,0,0
"2013-06-03",0,0,0,0
"2013-06-04",0,0,0,0
"2013-06-05",0,0,0,0
"2013-06-06",0,0,0,0
"2013-06-07",0,0,0,0
"2013-06-08",0,0,0,0
"2013-06-09",0,0,0,0
"2013-06-10",0,0,0,0
"2013-06-11",0,0,0,0
"2013-06-12",0,0,0,0
"2013-06-13",0,0,0,0
"2013-06-14",0,0,0,0
"2013-06-15",0,0,0,0
"2013-06-16",0,0,0,0
"2013-06-17",0,0,0,0
"2013-06-18",0,0,0,0
"2013-06-19",0,1,0,1
"2013-06-20",0,0,0,0
"2013-06-21",0,0,0,0
"2013-06-22",0,0,0,0
"2013-06-23",0,0,0,0
"2013-06-24",1,0,0,1
"2013-06-25",0,0,0,0
"2013-06-26",0,0,0,0
"2013-06-27",0,0,0,0
"2013-06-28",0,0,0,0
"2013-06-29",0,0,0,0
"2013-06-30",0,0,0,0
"2013-07-01",0,0,0,0
"2013-07-02",0,0,0,0
"2013-07-03",0,0,0,0
"2013-07-04",0,0,0,0
"2013-07-05",0,0,0,0
"2013-07-06",0,0,0,0
"2013-07-07",2,0,0,2
"2013-07-08",0,0,0,0
"2013-07-09",0,0,0,0
"2013-07-10",2,0,0,2
"2013-07-11",3,1,0,3
"2013-07-12",0,0,0,0
"2013-07-13",0,0,0,0
"2013-07-14",17,4,0,21
"2013-07-15",9,0,0,9
"2013-07-16",30,0,0,30
"2013-07-17",24,0,0,24
"2013-07-18",125,0,0,125
"2013-07-19",67,1,0,67
"2013-07-20",78,1,0,78
"2013-07-21",24,0,0,24
"2013-07-22",26,0,0,26
"2013-07-23",18,0,0,18
"2013-07-24",18,0,0,18
"2013-07-25",24,0,0,24
"2013-07-26",25,0,0,25
"2013-07-27",11,0,0,11
"2013-07-28",5,0,0,5
"2013-07-29",20,0,0,20
"2013-07-30",12,0,0,12
"2013-07-31",59,0,0,59
"2013-08-01",17,0,0,17
"2013-08-02",14,0,0,14
"2013-08-03",10,0,0,10
"2013-08-04",3,0,0,3
"2013-08-05",9,0,0,9
"2013-08-06",6,0,0,6
"2013-08-07",22,0,0,22
"2013-08-08",12,0,0,12
"2013-08-09",12,0,0,12
"2013-08-10",8,0,0,8
"2013-08-11",7,0,0,7
"2013-08-12",6,0,0,6
"2013-08-13",5,0,0,5
"2013-08-14",11,0,0,11
"2013-08-15",8,0,0,8
"2013-08-16",5,0,0,5
"2013-08-17",1,0,0,1
"2013-08-18",7,0,0,7
"2013-08-19",6,0,0,6
"2013-08-20",8,0,0,8
"2013-08-21",7,0,0,7
"2013-08-22",2,0,0,2
"2013-08-23",15,0,0,15
"2013-08-24",2,0,0,2
"2013-08-25",4,0,0,4
"2013-08-26",40,0,0,40
"2013-08-27",20,0,0,20
"2013-08-28",32,0,0,32
"2013-08-29",52,0,0,52
"2013-08-30",639,0,0,639
"2013-08-31",17,0,0,17
"2013-09-01",6,0,0,6
"2013-09-02",3,0,0,3
"2013-09-03",4,0,0,4
"2013-09-04",5,0,0,5
"2013-09-05",3,0,0,3
"2013-09-06",5,0,0,5
"2013-09-07",4,0,0,4
"2013-09-08",1,0,0,1
"2013-09-09",4,0,0,4
"2013-09-10",3,0,0,3
"2013-09-11",4,0,0,4
"2013-09-12",1,0,0,1
"2013-09-13",11,0,0,11
"2013-09-14",1,0,0,1
"2013-09-15",2,0,0,2
"2013-09-16",7,0,0,7
"2013-09-17",6,0,0,6
"2013-09-18",3,0,0,3
"2013-09-19",1,0,0,1
"2013-09-20",0,0,0,0
"2013-09-21",2,0,0,2
"2013-09-22",0,0,0,0
"2013-09-23",1,0,0,1
"2013-09-24",1,0,0,1
"2013-09-25",0,0,0,0
"2013-09-26",1,0,0,1
"2013-09-27",4,0,0,4
"2013-09-28",1,0,0,1
"2013-09-29",1,0,0,1
"2013-09-30",1,0,0,1
"2013-10-01",3,0,0,3
"2013-10-02",0,0,0,0
"2013-10-03",2,0,0,2
"2013-10-04",1,0,0,1
"2013-10-05",1,0,0,1
"2013-10-06",0,0,0,0
"2013-10-07",4,0,0,4
"2013-10-08",2,0,0,2
"2013-10-09",0,0,0,0
"2013-10-10",3,0,0,3
"2013-10-11",0,0,0,0
"2013-10-12",1,0,0,1
"2013-10-13",1,0,0,1
"2013-10-14",1,0,0,1
"2013-10-15",0,0,0,0
"2013-10-16",5,1,0,6
"2013-10-17",0,0,0,0
"2013-10-18",2,0,0,2
"2013-10-19",0,0,0,0
"2013-10-20",0,0,0,0
"2013-10-21",4,0,0,4
"2013-10-22",0,0,0,0
"2013-10-23",2,0,0,2
"2013-10-24",2,0,0,2
"2013-10-25",1,0,0,1
"2013-10-26",1,0,0,1
"2013-10-27",2,0,0,2
"2013-10-28",1,0,0,1
"2013-10-29",4,0,0,4
"2013-10-30",1,0,0,1
"2013-10-31",0,0,0,0
"2013-11-01",3,0,0,3
"2013-11-02",1,0,0,1
"2013-11-03",1,0,0,1
"2013-11-04",1,0,0,1
"2013-11-05",1,0,0,1
"2013-11-06",1,0,0,1
"2013-11-07",10,0,0,10
"2013-11-08",2,0,0,2
"2013-11-09",8,0,0,8
"2013-11-10",3,0,0,3
"2013-11-11",3,0,0,3
"2013-11-12",4,0,0,4
"2013-11-13",4,0,0,4
"2013-11-14",5,0,0,5
"2013-11-15",1,0,0,1
"2013-11-16",2,0,0,2
"2013-11-17",1,0,0,1
"2013-11-18",3,0,0,3
"2013-11-19",5,1,0,6
"2013-11-20",7,0,0,7
"2013-11-21",1,0,0,1
"2013-11-22",2,0,0,2
"2013-11-23",2,0,0,2
"2013-11-24",0,0,0,0
"2013-11-25",5,0,0,5
"2013-11-26",4,0,0,4
"2013-11-27",1,0,0,1
"2013-11-28",1,0,0,1
"2013-11-29",1,0,0,1
"2013-11-30",0,0,0,0
"2013-12-01",0,0,0,0
"2013-12-02",3,0,0,3
"2013-12-03",1,0,0,1
"2013-12-04",1,0,0,1
"2013-12-05",2,0,0,2
"2013-12-06",1,0,0,1
"2013-12-07",1,0,0,1
"2013-12-08",0,0,0,0
"2013-12-09",1,0,0,1
"2013-12-10",2,0,0,2
"2013-12-11",2,0,0,2
"2013-12-12",6,0,0,6
"2013-12-13",1,0,0,1
"2013-12-14",4,0,0,4
"2013-12-15",1,0,0,1
"2013-12-16",1,0,0,1
"2013-12-17",1,0,0,1
"2013-12-18",2,0,0,2
"2013-12-19",1,0,0,1
"2013-12-20",2,0,0,2
"2013-12-21",0,0,0,0
"2013-12-22",1,0,0,1
"2013-12-23",3,0,0,3
"2013-12-24",2,0,0,2
"2013-12-25",1,0,0,1
"2013-12-26",1,0,0,1
"2013-12-27",2,0,0,2
"2013-12-28",0,0,0,0
"2013-12-29",0,0,0,0
"2013-12-30",1,0,0,1
"2013-12-31",5,0,0,5
"2014-01-01",5,1,0,6
"2014-01-02",9,1,0,10
"2014-01-03",4,1,0,5
"2014-01-04",1,0,0,1
"2014-01-05",1,0,0,1
"2014-01-06",2,0,0,2
"2014-01-07",3,0,0,3
"2014-01-08",3,1,0,4
"2014-01-09",1,0,0,1
"2014-01-10",1,0,0,1
"2014-01-11",1,1,0,2
"2014-01-12",2,0,0,2
"2014-01-13",3,1,0,4
"2014-01-14",1,2,0,3
"2014-01-15",2,1,0,3
"2014-01-16",2,0,0,2
"2014-01-17",2,3,0,5
"2014-01-18",1,1,0,2
"2014-01-19",1,2,0,3
"2014-01-20",2,0,0,2
"2014-01-21",0,0,0,0
"2014-01-22",2,2,0,4
"2014-01-23",3,0,0,3
"2014-01-24",1,1,0,2
"2014-01-25",1,0,0,1
"2014-01-26",1,0,0,1
"2014-01-27",3,2,0,5
"2014-01-28",1,1,0,2
"2014-01-29",2,0,0,2
"2014-01-30",1,1,0,2
"2014-01-31",0,1,0,1
"2014-02-01",2,0,0,2
"2014-02-02",2,0,0,2
"2014-02-03",0,1,0,1
"2014-02-04",1,0,0,1
"2014-02-05",2,1,0,3
"2014-02-06",6,0,0,6
"2014-02-07",1,0,0,1
"2014-02-08",0,0,0,0
"2014-02-09",0,5,0,5
"2014-02-10",2,0,0,2
"2014-02-11",2,4,0,6
"2014-02-12",1,1,0,2
"2014-02-13",2,0,0,2
"2014-02-14",7,7,0,14
"2014-02-15",4,1,0,5
"2014-02-16",386,11,0,394
"2014-02-17",105,2,0,106
"2014-02-18",69,0,0,69
"2014-02-19",40,0,0,40
"2014-02-20",29,0,0,29
"2014-02-21",113,1,0,114
"2014-02-22",19,0,0,19
"2014-02-23",26,5,0,31
"2014-02-24",19,0,0,19
"2014-02-25",13,3,0,16
"2014-02-26",77,0,0,77
"2014-02-27",28,1,0,29
"2014-02-28",0,0,0,0
"2014-03-01",11,0,0,11
"2014-03-02",6,0,0,6
"2014-03-03",9,1,0,10
"2014-03-04",3,0,0,3
"2014-03-05",5,0,0,5
"2014-03-06",5,1,0,6
"2014-03-07",8,0,0,8
"2014-03-08",2,0,0,2
"2014-03-09",9,0,0,9
"2014-03-10",9,0,0,9
"2014-03-11",4,0,0,4
"2014-03-12",4,0,0,4
"2014-03-13",6,0,0,6
"2014-03-14",2,1,0,3
"2014-03-15",3,1,0,4
"2014-03-16",1,0,0,1
"2014-03-17",3,0,0,3
"2014-03-18",2,0,0,2
"2014-03-19",2,0,0,2
"2014-03-20",6,0,0,6
"2014-03-21",4,2,0,6
"2014-03-22",3,0,0,3
"2014-03-23",0,2,0,2
"2014-03-24",2,0,0,2
"2014-03-25",2,1,0,3
"2014-03-26",4,0,0,4
"2014-03-27",2,0,0,2
"2014-03-28",2,0,0,2
"2014-03-29",2,0,0,2
"2014-03-30",0,0,0,0
"2014-03-31",5,2,0,7
"2014-04-01",4,0,0,4
"2014-04-02",2,0,0,2
"2014-04-03",1,2,0,3
"2014-04-04",2,0,0,2
"2014-04-05",5,3,0,8
"2014-04-06",1,1,0,2
"2014-04-07",2,0,0,2
"2014-04-08",2,3,0,5
"2014-04-09",1,0,0,1
"2014-04-10",1,1,0,2
"2014-04-11",2,0,0,2
"2014-04-12",2,2,0,4
"2014-04-13",3,3,0,6
"2014-04-14",1,1,0,2
"2014-04-15",3,0,0,3
"2014-04-16",5,1,0,6
"2014-04-17",0,0,0,0
"2014-04-18",2,1,0,3
"2014-04-19",2,0,0,2
"2014-04-20",0,0,0,0
"2014-04-21",1,0,0,1
"2014-04-22",2,1,0,2
"2014-04-23",0,0,0,0
"2014-04-24",4,1,0,5
"2014-04-25",3,0,0,3
"2014-04-26",3,0,0,3
"2014-04-27",0,1,0,1
"2014-04-28",4,2,0,6
"2014-04-29",9,0,0,9
"2014-04-30",6,1,0,7
"2014-05-01",11,2,0,13
"2014-05-02",2,2,0,4
"2014-05-03",1,0,0,1
"2014-05-04",2,1,0,3
"2014-05-05",3,7,0,9
"2014-05-06",16,0,0,16
"2014-05-07",0,1,0,1
"2014-05-08",0,0,0,0
"2014-05-09",4,2,0,6
"2014-05-10",0,1,0,1
"2014-05-11",1,0,0,1
"2014-05-12",0,1,0,1
"2014-05-13",3,2,0,5
"2014-05-14",2,2,0,4
"2014-05-15",3,1,0,4
"2014-05-16",7,0,0,7
"2014-05-17",4,0,0,4
"2014-05-18",2,1,0,2
"2014-05-19",3,1,0,3
"2014-05-20",3,0,0,3
"2014-05-21",3,3,0,6
"2014-05-22",3,2,0,5
"2014-05-23",1,5,0,6
"2014-05-24",3,0,0,3
"2014-05-25",0,0,0,0
"2014-05-26",5,2,0,6
"2014-05-27",4,0,0,4
"2014-05-28",4,0,0,4
"2014-05-29",9,0,0,9
"2014-05-30",3,0,0,3
"2014-05-31",2,0,0,2
"2014-06-01",0,0,0,0
"2014-06-02",2,2,0,3
"2014-06-03",0,0,0,0
"2014-06-04",0,2,0,2
"2014-06-05",1,0,0,1
"2014-06-06",0,0,0,0
"2014-06-07",2,2,0,2
"2014-06-08",4,3,0,5
"2014-06-09",3,1,0,3
"2014-06-10",2,0,0,2
"2014-06-11",4,1,0,4
"2014-06-12",1,0,0,1
"2014-06-13",1,2,0,3
"2014-06-14",0,4,0,4
"2014-06-15",0,2,0,2
"2014-06-16",1,0,0,1
"2014-06-17",1,0,0,1
"2014-06-18",1,1,0,2
"2014-06-19",5,0,0,5
"2014-06-20",0,0,0,0
"2014-06-21",0,0,0,0
"2014-06-22",0,0,0,0
"2014-06-23",0,0,0,0
"2014-06-24",1,0,0,1
"2014-06-25",0,0,0,0
"2014-06-26",0,0,0,0
"2014-06-27",1,1,0,2
"2014-06-28",2,1,0,3
"2014-06-29",1,1,0,2
"2014-06-30",0,0,0,0
"2014-07-01",0,0,0,0
"2014-07-02",1,1,0,2
"2014-07-03",2,0,0,2
"2014-07-04",0,1,0,1
"2014-07-05",1,0,0,1
"2014-07-06",0,0,0,0
"2014-07-07",1,0,0,1
"2014-07-08",1,0,0,1
"2014-07-09",4,1,0,5
"2014-07-10",3,7,0,9
"2014-07-11",2,0,0,2
"2014-07-12",0,3,0,3
"2014-07-13",5,4,0,7
"2014-07-14",4,7,0,11
"2014-07-15",1,0,0,1
"2014-07-16",6,2,0,7
"2014-07-17",2,0,0,2
"2014-07-18",5,0,0,5
"2014-07-19",14,2,0,15
"2014-07-20",13,1,0,14
"2014-07-21",12,20,0,32
"2014-07-22",6,9,0,14
"2014-07-23",6,25,0,30
"2014-07-24",22,26,0,48
"2014-07-25",12,9,0,21
"2014-07-26",2,3,0,5
"2014-07-27",1,0,0,1
"2014-07-28",1,3,0,4
"2014-07-29",2,2,0,4
"2014-07-30",1,3,0,4
"2014-07-31",0,1,0,1
"2014-08-01",5,0,0,5
"2014-08-02",3,7,0,10
"2014-08-03",7,2,0,8
"2014-08-04",3,1,0,4
"2014-08-05",26,0,0,26
"2014-08-06",2,1,0,3
"2014-08-07",32,2,0,34
"2014-08-08",5,2,0,7
"2014-08-09",2,1,0,3
"2014-08-10",113,8,0,118
"2014-08-11",211,3,0,214
"2014-08-12",296,23,0,316
"2014-08-13",293,16,0,305
"2014-08-14",934,62,0,966
"2014-08-15",871,94,0,942
"2014-08-16",407,34,0,426
"2014-08-17",354,37,0,381
"2014-08-18",537,38,0,564
"2014-08-19",603,38,0,635
"2014-08-20",572,31,0,593
"2014-08-21",591,55,0,615
"2014-08-22",540,29,0,559
"2014-08-23",417,23,0,436
"2014-08-24",254,12,0,260
"2014-08-25",371,23,0,390
"2014-08-26",587,76,0,643
"2014-08-27",383,21,0,395
"2014-08-28",936,14,0,945
"2014-08-29",512,27,0,520
"2014-08-30",1580,20,0,1593
"2014-08-31",916,17,0,929
"2014-09-01",360,8,0,367
"2014-09-02",268,7,0,272
"2014-09-03",234,5,0,237
"2014-09-04",211,5,0,214
"2014-09-05",162,5,0,166
"2014-09-06",146,3,0,147
"2014-09-07",156,22,0,169
"2014-09-08",192,15,0,203
"2014-09-09",204,9,0,212
"2014-09-10",182,6,0,188
"2014-09-11",115,7,0,121
"2014-09-12",244,5,0,248
"2014-09-13",68,1,0,69
"2014-09-14",146,5,0,150
"2014-09-15",169,5,0,173
"2014-09-16",131,6,0,136
"2014-09-17",132,6,0,137
"2014-09-18",82,4,0,85
"2014-09-19",139,8,0,146
"2014-09-20",54,3,0,57
"2014-09-21",75,3,0,78
"2014-09-22",135,4,0,139
"2014-09-23",75,5,0,80
"2014-09-24",274,10,0,279
"2014-09-25",216,12,0,228
"2014-09-26",139,24,0,149
"2014-09-27",108,4,0,109
"2014-09-28",136,32,0,151
"2014-09-29",88,9,0,96
"2014-09-30",102,7,0,108
"2014-10-01",253,5,0,256
"2014-10-02",129,6,0,134
"2014-10-03",193,3,0,196
"2014-10-04",81,9,0,88
"2014-10-05",243,16,0,256
"2014-10-06",223,12,1,229
"2014-10-07",214,10,0,220
"2014-10-08",300,12,1,310
"2014-10-09",873,28,0,889
"2014-10-10",629,23,0,648
"2014-10-11",1222,47,0,1253
"2014-10-12",678,25,0,695
"2014-10-13",710,83,0,742
"2014-10-14",889,46,0,923
"2014-10-15",415,23,0,431
"2014-10-16",274,18,0,287
"2014-10-17",298,9,0,306
"2014-10-18",260,12,0,269
"2014-10-19",186,9,0,192
"2014-10-20",155,15,0,166
"2014-10-21",213,9,0,220
"2014-10-22",995,78,0,1043
"2014-10-23",749,50,1,781
"2014-10-24",335,17,0,349
"2014-10-25",439,23,0,458
"2014-10-26",292,23,0,308
"2014-10-27",217,17,0,230
"2014-10-28",191,20,0,207
"2014-10-29",240,51,0,287
"2014-10-30",298,56,0,351
"2014-10-31",160,22,0,179
"2014-11-01",338,13,0,346
"2014-11-02",149,10,0,158
"2014-11-03",144,17,0,156
"2014-11-04",135,25,0,156
"2014-11-05",111,18,0,124
"2014-11-06",134,14,1,145
"2014-11-07",159,17,0,175
"2014-11-08",131,20,0,144
"2014-11-09",112,23,0,131
"2014-11-10",184,24,0,200
"2014-11-11",173,35,0,206
"2014-11-12",164,22,0,181
"2014-11-13",219,12,0,228
"2014-11-14",171,8,0,177
"2014-11-15",205,39,0,242
"2014-11-16",186,24,1,204
"2014-11-17",284,16,1,296
"2014-11-18",440,33,3,464
"2014-11-19",373,47,2,404
"2014-11-20",249,22,0,266
"2014-11-21",421,26,0,439
"2014-11-22",251,32,0,273
"2014-11-23",415,25,1,433
"2014-11-24",1334,120,0,1427
"2014-11-25",42162,5228,8,45544
"2014-11-26",15584,1980,6,16839
"2014-11-27",6333,969,3,6936
"2014-11-28",6893,748,1,7437
"2014-11-29",5060,638,2,5490
"2014-11-30",3525,414,2,3785
"2014-12-01",4692,626,3,5107
"2014-12-02",4420,521,4,4803
"2014-12-03",17943,1208,7,18730
"2014-12-04",39000,4201,38,41655
"2014-12-05",27574,3127,7,29477
"2014-12-06",16943,2152,17,18246
"2014-12-07",12899,1393,25,13872
"2014-12-08",13590,1494,25,14621
"2014-12-09",12821,1535,16,13845
"2014-12-10",11610,2160,10,13357
"2014-12-11",10891,2030,137,12397
"2014-12-12",8610,1042,146,9435
"2014-12-13",25089,2591,94,26788
"2014-12-14",21083,3116,157,23025
"2014-12-15",10600,1462,735,12188
"2014-12-16",10778,1347,359,12038
"2014-12-17",7646,982,160,8426
"2014-12-18",6020,697,96,6569
"2014-12-19",6405,622,377,7166
"2014-12-20",8956,1521,1117,11157
"2014-12-21",12245,9618,4034,23604
"2014-12-22",8930,4453,1549,13648
"2014-12-23",7707,2944,919,10591
"2014-12-24",14419,3775,689,17636
"2014-12-25",3763,1141,302,4790
"2014-12-26",4209,1167,267,5261
"2014-12-27",5626,1635,939,7659
"2014-12-28",5456,1493,655,6942
"2014-12-29",5632,1101,453,6759
"2014-12-30",4912,1312,391,6154
"2014-12-31",5271,1129,396,6383
"2015-01-01",4685,823,373,5621
"2015-01-02",4113,833,332,5024
"2015-01-03",3283,729,336,4063
"2015-01-04",2986,833,662,4122
"2015-01-05",3980,661,321,4722
"2015-01-06",4562,653,495,5502
"2015-01-07",4589,816,295,5512
"2015-01-08",4088,683,270,4892
"2015-01-09",4162,649,439,5103
"2015-01-10",3867,683,175,4593
"2015-01-11",3228,582,99,3802
"2015-01-12",4125,814,129,4916
"2015-01-13",3715,1267,125,4890
"2015-01-14",3342,837,127,4165
"2015-01-15",5222,927,117,6098
"2015-01-16",4597,580,78,5108
"2015-01-17",3374,486,130,3890
"2015-01-18",3674,471,205,4224
"2015-01-19",8813,960,99,9558
"2015-01-20",4098,570,74,4540
"2015-01-21",4891,942,95,5704
"2015-01-22",3148,551,84,3672
"2015-01-23",2460,370,67,2821
"2015-01-24",2419,314,58,2724
"2015-01-25",2090,394,48,2441
"2015-01-26",2006,304,66,2300
"2015-01-27",1907,319,70,2236
"2015-01-28",2437,300,42,2710
"2015-01-29",2184,237,39,2399
"2015-01-30",2035,228,44,2248
"2015-01-31",1905,253,30,2136
"2015-02-01",2964,309,22,3212
"2015-02-02",1992,223,29,2191
"2015-02-03",2321,229,30,2527
"2015-02-04",2980,201,37,3179
"2015-02-05",2585,234,37,2803
"2015-02-06",2599,605,33,3178
"2015-02-07",2341,521,34,2838
"2015-02-08",1566,432,29,1978
"2015-02-09",7061,1320,37,8164
"2015-02-10",3098,587,28,3620
"2015-02-11",3801,4417,28,7708
"2015-02-12",3177,3351,28,6117
"2015-02-13",2555,1636,21,4029
"2015-02-14",2400,1156,32,3477
"2015-02-15",1852,1029,20,2812
"2015-02-16",2158,1077,22,3157
"2015-02-17",2124,892,72,2995
"2015-02-18",2252,875,22,3086
"2015-02-19",2159,700,43,2858
"2015-02-20",2277,648,35,2907
"2015-02-21",2306,651,52,2972
"2015-02-22",2041,526,34,2546
"2015-02-23",3079,578,20,3570
"2015-02-24",1838,278,13,2074
"2015-02-25",1865,237,14,2074
"2015-02-26",2400,509,21,2817
"2015-02-27",2328,414,14,2683
"2015-02-28",0,0,0,0
"2015-03-01",1708,296,27,1992
"2015-03-02",1962,285,33,2227
"2015-03-03",1849,287,27,2121
"2015-03-04",1984,304,67,2250
"2015-03-05",2385,274,55,2650
"2015-03-06",7209,517,129,7572
"2015-03-07",4691,557,69,5204
"2015-03-08",3131,538,35,3593
"2015-03-09",3854,571,52,4332
"2015-03-10",4278,597,37,4789
"2015-03-11",3036,590,44,3586
"2015-03-12",3323,1174,2150,6208
"2015-03-13",2315,582,1025,3680
"2015-03-14",1581,318,334,2154
"2015-03-15",1545,252,239,1964
"2015-03-16",1588,301,150,1981
"2015-03-17",1662,277,93,1976
"2015-03-18",2245,295,79,2541
"2015-03-19",7553,562,68,8044
"2015-03-20",2651,382,62,3000
"2015-03-21",2021,271,47,2268
"2015-03-22",1532,234,63,1760
"2015-03-23",1450,257,75,1725
"2015-03-24",1571,301,50,1858
"2015-03-25",2076,280,212,2504
"2015-03-26",1644,236,62,1882
"2015-03-27",1365,200,106,1630
"2015-03-28",1348,236,216,1732
"2015-03-29",1119,314,148,1498
"2015-03-30",1523,278,75,1817
"2015-03-31",1466,213,87,1704
"2015-04-01",1661,272,41,1920
"2015-04-02",1549,239,49,1789
"2015-04-03",1871,239,38,2095
"2015-04-04",1566,179,33,1741
"2015-04-05",1438,230,27,1644
"2015-04-06",1668,426,33,2068
"2015-04-07",2301,358,35,2627
"2015-04-08",10964,1476,83,12050
"2015-04-09",7421,1618,73,8675
"2015-04-10",4669,643,60,5191
"2015-04-11",2376,405,43,2710
"2015-04-12",3573,519,48,3984
"2015-04-13",4024,516,39,4411
"2015-04-14",4401,510,40,4799
"2015-04-15",2955,483,35,3325
"2015-04-16",2181,348,38,2474
"2015-04-17",2109,258,45,2344
"2015-04-18",1810,259,195,2183
"2015-04-19",2009,243,41,2211
"2015-04-20",2949,473,35,3315
"2015-04-21",3051,453,21,3389
"2015-04-22",3120,422,52,3480
"2015-04-23",2623,406,24,2947
"2015-04-24",2490,383,39,2798
"2015-04-25",3115,468,31,3458
"2015-04-26",5283,892,74,5972
"2015-04-27",7606,2568,393,9993
"2015-04-28",21376,6535,662,26922
"2015-04-29",12359,2890,248,14582
"2015-04-30",13722,2332,217,15529
"2015-05-01",13400,1965,214,14971
"2015-05-02",8619,1066,284,9657
"2015-05-03",6613,890,540,7817
"2015-05-04",6208,1157,1107,8119
"2015-05-05",5327,1156,777,6922
"2015-05-06",5319,957,415,6471
"2015-05-07",401,191,307,818
"2015-05-08",3140,678,664,4275
"2015-05-09",3040,612,315,3802
"2015-05-10",3196,845,1374,5085
"2015-05-11",3010,776,687,4255
"2015-05-12",3565,743,422,4503
"2015-05-13",3346,645,390,4145
"2015-05-14",3457,458,346,4108
"2015-05-15",2885,425,437,3566
"2015-05-16",2245,311,326,2754
"2015-05-17",1836,317,174,2246
"2015-05-18",3031,448,270,3597
"2015-05-19",3209,459,178,3688
"2015-05-20",3607,433,341,4226
"2015-05-21",3699,572,506,4580
"2015-05-22",2778,530,287,3422
"2015-05-23",3414,487,234,3978
"2015-05-24",3129,357,157,3533
"2015-05-25",2973,404,224,3494
"2015-05-26",2831,442,313,3455
"2015-05-27",2483,336,260,2978
"2015-05-28",2375,315,251,2831
"2015-05-29",2531,369,190,2969
"2015-05-30",2300,332,259,2735
"2015-05-31",2075,275,165,2397
"2015-06-01",2162,364,184,2540
"2015-06-02",1939,345,118,2272
"2015-06-03",1802,317,127,2164
"2015-06-04",1890,360,120,2299
"2015-06-05",1816,247,99,2075
"2015-06-06",1431,329,71,1745
"2015-06-07",3764,464,91,4158
"2015-06-08",5356,725,157,6002
"2015-06-09",5409,645,251,6080
"2015-06-10",3163,484,209,3696
"2015-06-11",2664,425,218,3176
"2015-06-12",2546,377,103,2895
"2015-06-13",2619,404,345,3229
"2015-06-14",1784,328,151,2174
"2015-06-15",1711,329,123,2082
"2015-06-16",1882,266,107,2185
"2015-06-17",2097,267,112,2421
"2015-06-18",13525,2339,74,15368
"2015-06-19",10747,1626,215,12118
"2015-06-20",4674,867,237,5520
"2015-06-21",3875,891,151,4644
"2015-06-22",4178,744,78,4785
"2015-06-23",3869,987,71,4651
"2015-06-24",3847,1957,113,5533
"2015-06-25",3299,1054,107,4165
"2015-06-26",3982,781,122,4711
"2015-06-27",4069,498,77,4524
"2015-06-28",3344,496,84,3771
"2015-06-29",4729,513,56,5178
"2015-06-30",2642,376,55,2988
"2015-07-01",3739,520,56,4163
"2015-07-02",2420,331,64,2723
"2015-07-03",1951,281,48,2223
"2015-07-04",1867,270,61,2094
"2015-07-05",1596,248,35,1811
"2015-07-06",2191,333,51,2486
"2015-07-07",2293,327,40,2582
"2015-07-08",2191,254,49,2443
"2015-07-09",2053,266,41,2301
"2015-07-10",2042,390,54,2392
"2015-07-11",1684,315,58,1979
"2015-07-12",1475,244,78,1730
"2015-07-13",2147,308,44,2425
"2015-07-14",2276,456,99,2740
"2015-07-15",1915,371,76,2269
"2015-07-16",5008,611,96,5569
"2015-07-17",4585,522,50,5032
"2015-07-18",5411,1014,53,6179
"2015-07-19",6603,2722,69,8843
"2015-07-20",5700,3210,52,8353
"2015-07-21",8569,4675,85,12052
"2015-07-22",9563,3204,191,12056
"2015-07-23",27289,5714,81,31256
"2015-07-24",16713,3793,93,19457
"2015-07-25",8459,1783,74,9818
"2015-07-26",8016,1731,76,9343
"2015-07-27",8072,1496,64,9142
"2015-07-28",7475,2670,75,9481
"2015-07-29",15168,3299,70,17573
"2015-07-30",12121,2708,99,14099
"2015-07-31",7827,1672,17,9014
"2015-08-01",5083,1141,52,5960
"2015-08-02",4653,1528,300,6106
"2015-08-03",5100,1741,313,6739
"2015-08-04",5106,1543,149,6413
"2015-08-05",4955,2906,115,7398
"2015-08-06",5551,2667,240,7878
"2015-08-07",11690,2425,101,13651
"2015-08-08",8904,1893,97,10306
"2015-08-09",22117,2774,181,24088
"2015-08-10",18090,2693,375,20183
"2015-08-11",14994,2252,314,16841
"2015-08-12",12299,1933,174,13812
"2015-08-13",11028,2069,150,12571
"2015-08-14",8469,1707,136,9768
"2015-08-15",6381,1274,165,7400
"2015-08-16",5239,1068,132,6148
"2015-08-17",5816,993,85,6633
"2015-08-18",8828,1382,79,9749
"2015-08-19",9384,1585,88,10430
"2015-08-20",8224,1657,133,9455
"2015-08-21",7045,1443,128,8106
"2015-08-22",5051,1321,97,6095
"2015-08-23",4876,1519,128,6172
"2015-08-24",4817,1270,395,6193
"2015-08-25",6526,1068,134,7453
"2015-08-26",6849,2888,129,9258
"2015-08-27",5927,2220,193,7760
"2015-08-28",5466,1189,136,6456
"2015-08-29",6276,2539,1386,9341
"2015-08-30",6002,3443,975,9314
"2015-08-31",10315,3982,803,13913
"2015-09-01",11086,4565,1727,15799
"2015-09-02",11089,4313,1767,15730
"2015-09-03",8815,3590,3349,14372
"2015-09-04",6710,3673,3527,12600
"2015-09-05",4968,2093,879,7317
"2015-09-06",4458,1893,550,6243
"2015-09-07",4889,2138,690,6889
"2015-09-08",4393,1524,527,5975
"2015-09-09",4683,1441,469,6127
"2015-09-10",4738,1778,412,6466
"2015-09-11",4452,1812,354,6146
"2015-09-12",3442,1079,277,4494
"2015-09-13",3151,889,284,4053
"2015-09-14",4284,1614,686,6019
"2015-09-15",4360,1130,261,5437
"2015-09-16",3776,1273,382,5121
"2015-09-17",5417,1394,254,6741
"2015-09-18",3899,1382,274,5259
"2015-09-19",3822,1122,347,5023
"2015-09-20",2655,891,218,3589
"2015-09-21",2936,1144,176,4031
"2015-09-22",2691,1072,258,3818
"2015-09-23",2993,1794,178,4695
"2015-09-24",2968,1619,149,4426
"2015-09-25",2523,1135,187,3624
"2015-09-26",2514,1057,160,3575
"2015-09-27",2113,798,124,2882
"2015-09-28",2149,886,118,3004
"2015-09-29",2909,906,154,3797
"2015-09-30",2601,900,202,3536
"2015-10-01",2465,921,158,3401
"2015-10-02",2449,1031,123,3437
"2015-10-03",1814,635,121,2473
"2015-10-04",2001,598,119,2585
"2015-10-05",2614,501,146,3122
"2015-10-06",2490,558,280,3197
"2015-10-07",2322,605,172,2952
"2015-10-08",2753,700,165,3455
"2015-10-09",2750,980,204,3700
"2015-10-10",4057,670,174,4717
"2015-10-11",3119,596,151,3690
"2015-10-12",2693,563,300,3407
"2015-10-13",2753,776,235,3617
"2015-10-14",21625,11785,236,28167
"2015-10-15",4610,1740,172,5939
"2015-10-16",2925,1242,169,4028
"2015-10-17",2174,750,165,2856
"2015-10-18",2242,651,156,2890
"2015-10-19",2700,703,149,3360
"2015-10-20",3477,712,140,4119
"2015-10-21",3889,901,1174,5585
"2015-10-22",4266,1346,438,5539
"2015-10-23",4115,1334,241,5141
"2015-10-24",3675,888,221,4454
"2015-10-25",3230,751,246,3937
"2015-10-26",3738,886,348,4676
"2015-10-27",6038,1280,496,7437
"2015-10-28",4961,1061,477,6201
"2015-10-29",3911,1000,486,5034
"2015-10-30",3996,874,428,4979
"2015-10-31",3288,772,343,4180
"2015-11-01",2426,796,217,3208
"2015-11-02",2835,697,302,3654
"2015-11-03",3642,858,312,4586
"2015-11-04",3626,790,383,4519
"2015-11-05",3462,582,400,4220
"2015-11-06",3229,763,330,4098
"2015-11-07",3149,587,249,3827
"2015-11-08",2376,572,162,2946
"2015-11-09",3352,628,238,4057
"2015-11-10",3634,609,211,4253
"2015-11-11",7882,1575,218,9195
"2015-11-12",5168,945,146,5965
"2015-11-13",4222,737,189,4964
"2015-11-14",3486,2647,135,5913
"2015-11-15",5034,2346,92,7042
"2015-11-16",4526,1916,148,6247
"2015-11-17",4857,2602,227,7197
"2015-11-18",4078,2030,186,5941
"2015-11-19",4885,1589,219,6378
"2015-11-20",3839,1416,214,5133
"2015-11-21",2104,1032,168,3071
"2015-11-22",3896,1360,127,5048
"2015-11-23",4262,553,132,4730
"2015-11-24",9560,1901,135,11072
"2015-11-25",10292,1910,279,11949
"2015-11-26",4761,985,170,5683
"2015-11-27",5332,889,221,6180
"2015-11-28",5371,1438,655,7018
"2015-11-29",3116,888,274,4018
"2015-11-30",3818,914,167,4644
"2015-12-01",2404,827,161,3160
"2015-12-02",3728,1096,723,5246
"2015-12-03",3347,1110,502,4695
"2015-12-04",3277,756,258,4112
"2015-12-05",2711,599,212,3338
"2015-12-06",2089,421,130,2542
"2015-12-07",2960,572,167,3571
"2015-12-08",2304,801,113,3063
"2015-12-09",2896,557,157,3449
"2015-12-10",2910,575,126,3393
"2015-12-11",2844,540,222,3453
"2015-12-12",1898,324,142,2288
"2015-12-13",1813,389,90,2197
"2015-12-14",2520,512,125,3032
"2015-12-15",2583,1346,121,3920
"2015-12-16",3211,1031,176,4218
"2015-12-17",1627,680,147,2308
"2015-12-18",2099,648,111,2732
"2015-12-19",1593,501,92,2097
"2015-12-20",2374,551,141,2938
"2015-12-21",2031,574,158,2620
"2015-12-22",3783,677,138,4396
"2015-12-23",5627,766,140,6262
"2015-12-24",4682,999,131,5578
"2015-12-25",1596,420,111,2043
"2015-12-26",1594,455,114,2085
"2015-12-27",2016,496,117,2513
"2015-12-28",5253,919,185,6131
"2015-12-29",7037,1125,147,7988
"2015-12-30",4367,809,148,5056
"2015-12-31",3166,655,206,3833
"2016-01-01",2794,503,155,3282
"2016-01-02",2067,518,130,2564
"2016-01-03",2417,670,197,3109
"2016-01-04",2810,496,157,3302
"2016-01-05",2581,340,143,2969
"2016-01-06",2329,535,106,2855
"2016-01-07",2103,764,106,2849
"2016-01-08",1855,645,407,2759
"2016-01-09",2078,521,427,2841
"2016-01-10",1255,477,191,1827
"2016-01-11",1411,422,172,1911
"2016-01-12",1754,420,131,2200
"2016-01-13",2440,529,114,2973
"2016-01-14",1812,376,105,2199
"2016-01-15",2360,485,215,2923
"2016-01-16",1745,345,167,2183
"2016-01-17",1749,373,92,2119
"2016-01-18",6696,1517,271,8053
"2016-01-19",4314,865,130,5082
"2016-01-20",2696,603,113,3259
"2016-01-21",2735,468,94,3184
"2016-01-22",2933,242,127,3218
"2016-01-23",2425,389,89,2786
"2016-01-24",1673,301,75,1981
"2016-01-25",1767,435,93,2166
"2016-01-26",2146,323,116,2495
"2016-01-27",2227,397,164,2696
"2016-01-28",1900,371,114,2281
"2016-01-29",2248,297,101,2578
"2016-01-30",1811,273,87,2099
"2016-01-31",1613,294,94,1911
"2016-02-01",2782,410,101,3151
"2016-02-02",2377,379,64,2723
"2016-02-03",2206,360,63,2550
"2016-02-04",2944,384,81,3311
"2016-02-05",2687,454,204,3266
"2016-02-06",2474,294,124,2828
"2016-02-07",3060,472,251,3675
"2016-02-08",4061,1052,551,5441
"2016-02-09",4436,398,337,4952
"2016-02-10",4492,953,416,5544
"2016-02-11",4213,868,628,5404
"2016-02-12",4889,942,802,6350
"2016-02-13",2760,686,416,3672
"2016-02-14",2109,360,233,2571
"2016-02-15",2274,472,167,2791
"2016-02-16",4585,1010,241,5561
"2016-02-17",4156,1001,322,5136
"2016-02-18",3410,888,212,4230
"2016-02-19",3254,585,314,3943
"2016-02-20",2777,474,386,3436
"2016-02-21",2412,597,235,3047
"2016-02-22",3007,658,215,3662
"2016-02-23",3081,613,161,3652
"2016-02-24",3181,781,212,3874
"2016-02-25",4897,1698,234,6151
"2016-02-26",6376,1793,180,7743
"2016-02-27",948,884,153,1678
"2016-02-28",4091,1196,691,5605
"2016-02-29",7445,2716,340,9713
"2016-03-01",4416,1419,323,5702
"2016-03-02",3081,990,295,4112
"2016-03-03",2801,736,203,3519
"2016-03-04",2444,637,168,3062
"2016-03-05",2326,686,163,2976
"2016-03-06",2052,541,133,2593
"2016-03-07",2470,613,150,3068
"2016-03-08",2645,653,183,3311
"2016-03-09",2462,595,152,3055
"2016-03-10",2344,728,137,3040
"2016-03-11",2595,548,136,3129
"2016-03-12",4853,1333,448,6187
"2016-03-13",2954,744,247,3746
"2016-03-14",2704,865,692,4028
"2016-03-15",2646,681,395,3548
"2016-03-16",2497,595,248,3147
"2016-03-17",2184,613,268,2875
"2016-03-18",1925,540,268,2536
"2016-03-19",2255,686,446,3189
"2016-03-20",1911,617,325,2686
"2016-03-21",2331,524,310,3001
"2016-03-22",2202,829,212,3081
"2016-03-23",1829,585,176,2477
"2016-03-24",1940,458,148,2458
"2016-03-25",1904,509,126,2416
"2016-03-26",1706,425,136,2164
"2016-03-27",1375,492,120,1908
"2016-03-28",1874,530,117,2372
"2016-03-29",1684,393,150,2134
"2016-03-30",2209,464,175,2702
"2016-03-31",2098,564,229,2720
"2016-04-01",1709,458,413,2440
"2016-04-02",1414,304,124,1769
"2016-04-03",1255,291,114,1603
"2016-04-04",1792,551,125,2240
"2016-04-05",1479,530,103,2037
"2016-04-06",2795,612,115,3352
"2016-04-07",3690,577,143,4260
"2016-04-08",5443,618,277,6142
"2016-04-09",3066,487,122,3562
"2016-04-10",2075,421,160,2551
"2016-04-11",2216,425,184,2709
"2016-04-12",2243,415,119,2654
"2016-04-13",2284,397,186,2742
"2016-04-14",1826,359,210,2264
"2016-04-15",1952,354,186,2379
"2016-04-16",1503,319,175,1920
"2016-04-17",1682,292,117,2023
"2016-04-18",2014,317,119,2381
"2016-04-19",2449,426,136,2883
"2016-04-20",1926,356,119,2301
"2016-04-21",2217,530,103,2709
"2016-04-22",1770,459,122,2232
"2016-04-23",1566,278,114,1895
"2016-04-24",2324,357,100,2688
"2016-04-25",1866,346,102,2221
"2016-04-26",2124,333,119,2497
"2016-04-27",1506,276,128,1834
"2016-04-28",1476,311,170,1868
"2016-04-29",1322,247,170,1670
"2016-04-30",1313,327,140,1625
"2016-05-01",1120,395,114,1553
"2016-05-02",1723,289,150,2069
"2016-05-03",1243,309,207,1669
"2016-05-04",1232,409,145,1671
"2016-05-05",1148,274,130,1468
"2016-05-06",1260,316,156,1637
"2016-05-07",1201,257,152,1509
"2016-05-08",958,250,126,1273
"2016-05-09",1355,313,156,1714
"2016-05-10",1313,489,162,1852
"2016-05-11",1267,334,124,1633
"2016-05-12",1888,370,145,2313
"2016-05-13",1331,318,215,1759
"2016-05-14",1161,392,253,1696
"2016-05-15",965,262,180,1323
"2016-05-16",1203,372,309,1760
"2016-05-17",1478,348,275,1946
"2016-05-18",1460,364,268,1945
"2016-05-19",1504,406,298,2088
"2016-05-20",1706,358,228,2181
"2016-05-21",1221,354,210,1711
"2016-05-22",988,297,302,1516
"2016-05-23",1978,478,412,2683
"2016-05-24",1396,309,230,1825
"2016-05-25",1568,325,264,2043
"2016-05-26",1442,310,279,1936
"2016-05-27",1847,432,373,2504
"2016-05-28",1071,235,245,1474
"2016-05-29",1045,289,175,1443
"2016-05-30",1208,297,126,1560
"2016-05-31",1302,303,119,1640
"2016-06-01",1491,368,119,1894
"2016-06-02",1563,328,196,1997
"2016-06-03",1465,279,174,1838
"2016-06-04",1310,305,104,1624
"2016-06-05",1041,203,215,1390
"2016-06-06",1218,293,113,1564
"2016-06-07",1543,281,115,1854
"2016-06-08",1145,301,144,1492
"2016-06-09",1024,292,124,1373
"2016-06-10",1211,424,162,1698
"2016-06-11",771,238,74,1042
"2016-06-12",963,1519,184,2484
"2016-06-13",1007,1256,189,2276
"2016-06-14",1042,704,149,1795
"2016-06-15",1060,464,90,1543
"2016-06-16",1203,595,127,1789
"2016-06-17",1210,667,112,1812
"2016-06-18",924,407,98,1325
"2016-06-19",810,515,82,1271
"2016-06-20",981,326,86,1288
"2016-06-21",1177,332,104,1507
"2016-06-22",1275,364,120,1648
"2016-06-23",1583,441,304,2224
"2016-06-24",1212,271,175,1570
"2016-06-25",1003,229,104,1262
"2016-06-26",1013,259,111,1328
"2016-06-27",5022,1548,113,6374
"2016-06-28",1566,467,107,2039
"2016-06-29",1701,1747,105,3242
"2016-06-30",1484,626,92,2061
"2016-07-01",1014,408,131,1476
"2016-07-02",1097,342,92,1453
"2016-07-03",1345,387,72,1700
"2016-07-04",1968,557,87,2421
"2016-07-05",1566,514,115,2037
"2016-07-06",34189,10982,1054,42801
"2016-07-07",115763,26860,1189,134613
"2016-07-08",164170,82016,21433,240569
"2016-07-09",60039,20303,5735,77974
"2016-07-10",59692,14637,5117,73174
"2016-07-11",58668,14498,5225,71908
"2016-07-12",37497,12250,4780,49559
"2016-07-13",31099,16673,2208,46004
"2016-07-14",27651,11781,2251,37138
"2016-07-15",17593,3243,1073,20477
"2016-07-16",13567,1964,894,15493
"2016-07-17",21411,6449,6655,31396
"2016-07-18",20375,4736,5801,28134
"2016-07-19",13129,3133,5440,19406
"2016-07-20",9837,2153,2126,12866
"2016-07-21",2391,11177,7729,18424
"2016-07-22",1746,5851,5396,10728
"2016-07-23",2236,3944,4739,7228
"2016-07-24",1614,2795,4072,6428
"2016-07-25",1277,2299,4065,6045
"2016-07-26",774,2081,3771,5596
"2016-07-27",2127,8351,6647,14251
"2016-07-28",939,3061,3719,6196
"2016-07-29",1059,2344,6313,8125
"2016-07-30",619,1650,3955,5157
"2016-07-31",523,1723,2628,4154
"2016-08-01",586,1858,4691,6399
"2016-08-02",665,2145,2443,4446
"2016-08-03",624,2308,2269,4391
"2016-08-04",564,2303,2235,4362
"2016-08-05",922,2418,1934,4235
"2016-08-06",503,1662,1738,3200
"2016-08-07",456,1626,1508,2934
"2016-08-08",421,1565,1355,2745
"2016-08-09",473,2274,1741,3835
"2016-08-10",1038,3612,2116,5568
"2016-08-11",783,1600,5516,6661
"2016-08-12",348,1207,4478,5380
"2016-08-13",232,1025,2328,3104
"2016-08-14",598,2044,5777,7542
"2016-08-15",749,1994,5093,6750
"2016-08-16",738,1413,3359,4458
"2016-08-17",656,1302,5386,6380
"2016-08-18",651,1427,6405,7325
"2016-08-19",509,1354,1968,3204
"2016-08-20",317,1096,2321,3294
"2016-08-21",529,1371,1885,3089
"2016-08-22",647,1608,1089,2601
"2016-08-23",597,1675,1153,2579
"2016-08-24",343,1151,1026,2067
"2016-08-25",390,1289,1128,2327
"2016-08-26",222,868,1642,2425
"2016-08-27",193,962,1374,2245
"2016-08-28",202,775,1226,1909
"2016-08-29",446,1316,1484,2678
"2016-08-30",567,2111,1326,3342
"2016-08-31",389,1195,1015,2133
"2016-09-01",344,968,1147,2034
"2016-09-02",192,840,1365,2132
"2016-09-03",207,804,1173,1931
"2016-09-04",169,697,815,1432
"2016-09-05",265,769,825,1541
"2016-09-06",260,850,983,1799
"2016-09-07",407,1017,781,1767
"2016-09-08",332,874,616,1445
"2016-09-09",395,1093,1095,2098
"2016-09-10",158,661,962,1537
"2016-09-11",289,1821,781,2573
"2016-09-12",206,1109,937,1974
"2016-09-13",673,1340,1114,2334
"2016-09-14",400,1103,983,1992
"2016-09-15",378,802,919,1679
"2016-09-16",424,859,1627,2416
"2016-09-17",487,891,3349,3961
"2016-09-18",398,766,2865,3499
"2016-09-19",599,1143,8525,9171
"2016-09-20",1198,2848,5237,7659
"2016-09-21",1317,3156,3854,6441
"2016-09-22",1853,4133,6063,9706
"2016-09-23",1148,2974,4266,6977
"2016-09-24",1034,3433,2721,6018
"2016-09-25",2018,6514,2144,8507
"2016-09-26",1165,4807,6640,10023
"2016-09-27",705,1990,3844,5538
"2016-09-28",849,1981,1764,3625
"2016-09-29",850,2950,1469,4268
"2016-09-30",601,2852,1160,3927
"2016-10-01",494,3325,1069,4314
"2016-10-02",597,3080,981,4025
"2016-10-03",387,1697,1704,3170
"2016-10-04",484,1495,1311,2726
"2016-10-05",412,1438,1252,2668
"2016-10-06",426,1245,2033,3201
"2016-10-07",427,1057,1629,2616
"2016-10-08",291,888,1563,2363
"2016-10-09",283,1056,5181,5916
"2016-10-10",531,1349,7936,8746
"2016-10-11",498,1198,4216,5136
"2016-10-12",473,1126,3035,3970
"2016-10-13",333,1069,2906,3814
"2016-10-14",343,735,1927,2558
"2016-10-15",337,634,2150,2691
"2016-10-16",338,1037,2111,2976
"2016-10-17",3330,1180,1251,5294
"2016-10-18",3058,793,341,3940
"2016-10-19",3214,1006,303,4257
"2016-10-20",3045,838,390,4081
"2016-10-21",2349,541,344,3085
"2016-10-22",2644,595,309,3387
"2016-10-23",2325,601,348,3093
"2016-10-24",2321,693,373,3169
"2016-10-25",2489,696,375,3351
"2016-10-26",2587,705,305,3410
"2016-10-27",2945,1264,333,4307
"2016-10-28",2748,699,334,3625
"2016-10-29",2124,532,303,2853
"2016-10-30",1799,578,299,2559
"2016-10-31",2027,607,282,2773
"2016-11-01",2035,557,249,2695
"2016-11-02",5775,4472,3744,13152
"2016-11-03",969,2191,12740,14189
"2016-11-04",511,1128,6896,7450
"2016-11-05",304,957,4292,4825
"2016-11-06",486,763,2920,3449
"2016-11-07",469,863,2943,3593
"2016-11-08",339,785,2717,3324
"2016-11-09",511,1529,1979,3389
"2016-11-10",523,1491,7465,8338
"2016-11-11",475,890,7195,7746
"2016-11-12",294,526,2048,2460
"2016-11-13",381,859,3718,4165
"2016-11-14",338,933,2967,3635
"2016-11-15",238,670,2558,3119
"2016-11-16",241,800,1992,2598
"2016-11-17",440,1036,7335,7897
"2016-11-18",453,898,5875,6323
"2016-11-19",998,742,1147,2639
"2016-11-20",1548,608,1020,2990
"2016-11-21",1796,841,2349,4646
"2016-11-22",1847,839,4014,6287
"2016-11-23",5400,911,10543,16123
"2016-11-24",7253,941,10358,17664
"2016-11-25",6417,832,7657,13947
"2016-11-26",10583,952,3508,14274
"2016-11-27",5596,1163,2361,8214
"2016-11-28",4640,752,3111,7923
"2016-11-29",5990,628,3196,9375
"2016-11-30",5986,621,2654,8792
"2016-12-01",6630,1045,8447,15106
"2016-12-02",7085,1203,5170,12557
"2016-12-03",6565,635,2590,8892
"2016-12-04",14262,663,8082,21655
"2016-12-05",9979,840,6360,16224
"2016-12-06",6966,671,2949,10039
"2016-12-07",4839,411,1773,6750
"2016-12-08",4320,830,6833,11131
"2016-12-09",4973,718,6004,10978
"2016-12-10",9291,478,3527,12891
"2016-12-11",9189,522,2451,11758
"2016-12-12",3661,278,1834,5550
"2016-12-13",3652,485,1977,5824
"2016-12-14",3270,640,1683,5213
"2016-12-15",3569,978,5418,9078
"2016-12-16",3224,883,4596,7866
"2016-12-17",2771,485,1562,4473
"2016-12-18",2790,560,1295,4292
"2016-12-19",3041,478,1311,4513
"2016-12-20",3846,504,1004,5037
"2016-12-21",3832,764,1220,5395
"2016-12-22",3902,1149,8188,12287
"2016-12-23",8631,662,4961,13706
"2016-12-24",8611,555,2086,10945
"2016-12-25",3432,350,1216,4891
"2016-12-26",2962,484,1082,4285
"2016-12-27",4817,389,991,6001
"2016-12-28",3989,563,1490,5809
"2016-12-29",2971,360,1540,4709
"2016-12-30",3444,397,1308,4948
"2016-12-31",3970,477,2496,6528
"2017-01-01",3398,244,1671,5166
"2017-01-02",3553,371,2471,6162
"2017-01-03",3572,350,2142,5794
"2017-01-04",3225,412,1095,4515
"2017-01-05",18041,1533,1622,20352
"2017-01-06",11505,1399,1016,13333
"2017-01-07",1311,464,645,2280
"2017-01-08",1152,347,367,1774
"2017-01-09",1334,451,1222,2836
"2017-01-10",1350,481,1183,2837
"2017-01-11",1238,621,753,2353
"2017-01-12",943,453,619,1874
"2017-01-13",1222,467,829,2350
"2017-01-14",1195,520,577,2155
"2017-01-15",972,375,403,1638
"2017-01-16",2708,922,598,3972
"2017-01-17",1648,579,560,2670
"2017-01-18",1079,520,754,2231
"2017-01-19",1255,509,472,2130
"2017-01-20",8841,668,1501,10785
"2017-01-21",8412,696,2389,11058
"2017-01-22",9128,741,2573,12046
"2017-01-23",5315,640,6036,11634
"2017-01-24",7505,487,2554,10249
"2017-01-25",13246,428,1476,14918
"2017-01-26",6366,624,1400,8149
"2017-01-27",5288,1564,1471,8069
"2017-01-28",4885,3175,1777,9225
"2017-01-29",10472,21794,1651,29513
"2017-01-30",7360,4165,1150,11850
"2017-01-31",9074,1966,1775,12258
"2017-02-01",7410,1186,1477,9596
"2017-02-02",7754,1045,2239,10707
"2017-02-03",6188,755,2541,9158
"2017-02-04",7509,985,7169,13103
"2017-02-05",18209,1072,2637,21000
"2017-02-06",9110,712,1172,10558
"2017-02-07",8928,619,1212,10456
"2017-02-08",9298,495,1614,11148
"2017-02-09",9313,855,1888,11580
"2017-02-10",7834,957,1453,9703
"2017-02-11",4770,600,1566,6688
"2017-02-12",5194,998,3031,8591
"2017-02-13",5672,913,1584,7564
"2017-02-14",4072,368,1031,5200
"2017-02-15",2954,390,840,3984
"2017-02-16",3313,345,726,4187
"2017-02-17",3392,404,685,4274
"2017-02-18",5014,335,950,6119
"2017-02-19",3407,565,1366,5095
"2017-02-20",2887,683,2076,5429
"2017-02-21",3578,770,5725,9640
"2017-02-22",2561,628,2032,4992
"2017-02-23",5150,1153,6797,12442
"2017-02-24",5018,804,4525,9930
"2017-02-25",3834,533,2048,6063
"2017-02-26",12932,601,1963,15162
"2017-02-27",7400,608,1925,9654
"2017-02-28",5746,667,2374,8451
"2017-03-01",9128,519,2803,12194
"2017-03-02",4227,335,1295,5647
"2017-03-03",2981,381,792,4015
"2017-03-04",2685,244,707,3494
"2017-03-05",5390,352,1056,6533
"2017-03-06",3431,322,794,4267
"2017-03-07",4181,305,774,5049
"2017-03-08",2679,357,662,3500
"2017-03-09",2202,497,620,3188
"2017-03-10",1751,431,898,2867
"2017-03-11",355,223,99,635
"2017-03-12",760,300,325,1335
"2017-03-13",810,305,291,1334
"2017-03-14",760,290,212,1195
"2017-03-15",1345,522,407,2174
"2017-03-16",2028,350,1139,3322
"2017-03-17",2208,244,1223,3547
"2017-03-18",2592,204,919,3605
"2017-03-19",5225,303,1800,7194
"2017-03-20",5446,267,1598,7159
"2017-03-21",3870,284,915,4936
"2017-03-22",3033,435,930,4271
"2017-03-23",6760,6856,1285,14139
"2017-03-24",7489,6764,1471,14921
"2017-03-25",4694,1281,1728,7366
"2017-03-26",2379,553,1274,4025
"2017-03-27",2620,364,2281,5164
"2017-03-28",2589,422,2326,5191
"2017-03-29",2963,624,1809,4999
"2017-03-30",13220,436,1605,14825
"2017-03-31",16353,477,1114,17737
"2017-04-01",8091,302,1422,9612
"2017-04-02",3735,242,2128,5961
"2017-04-03",4082,327,1813,5954
"2017-04-04",11447,360,1329,12901
"2017-04-05",10749,735,1130,12330
"2017-04-06",18656,316,926,19641
"2017-04-07",4577,253,676,5386
"2017-04-08",2779,235,1541,4416
"2017-04-09",2785,246,1325,4224
"2017-04-10",2230,445,1571,4099
"2017-04-11",3110,374,1801,5126
"2017-04-12",6520,367,1159,7899
"2017-04-13",3427,683,6811,10405
"2017-04-14",3796,320,2467,6362
"2017-04-15",4019,283,884,5001
"2017-04-16",9828,293,1129,11044
"2017-04-17",14807,501,1281,16239
"2017-04-18",4413,361,1598,6219
"2017-04-19",3653,443,1299,5235
"2017-04-20",2627,660,6835,9564
"2017-04-21",1748,311,2326,4196
"2017-04-22",12963,274,1596,14657
"2017-04-23",5610,257,1588,7343
"2017-04-24",3167,438,1296,4774
"2017-04-25",2951,412,1355,4576
"2017-04-26",2553,466,2009,4882
"2017-04-27",2547,638,7859,10701
"2017-04-28",2091,341,3497,5768
"2017-04-29",2394,233,2041,4536
"2017-04-30",2626,197,1273,4005
"2017-05-01",4635,315,2626,7439
"2017-05-02",7383,333,2227,9782
"2017-05-03",7684,350,2174,10005
"2017-05-04",3877,385,3329,7370
"2017-05-05",9880,381,3212,13264
"2017-05-06",4560,311,1540,6264
"2017-05-07",3215,399,2151,5505
"2017-05-08",2422,312,1471,3994
"2017-05-09",2618,303,3202,5953
"2017-05-10",1896,499,1649,3872
"2017-05-11",3239,1022,5833,9413
"2017-05-12",3504,783,4364,8099
"2017-05-13",3521,377,3783,7413
"2017-05-14",4945,336,1938,7068
"2017-05-15",2892,310,3405,6453
"2017-05-16",2063,315,4768,6966
"2017-05-17",2060,375,1958,4270
"2017-05-18",4133,674,6036,10345
"2017-05-19",2205,286,2557,4886
"2017-05-20",3488,225,1127,4715
"2017-05-21",2781,219,1104,3996
"2017-05-22",5581,271,1265,6991
"2017-05-23",8493,324,1153,9832
"2017-05-24",3499,465,1461,5178
"2017-05-25",3448,628,4970,8589
"2017-05-26",1849,329,3176,5181
"2017-05-27",1908,224,1409,3446
"2017-05-28",2175,257,1778,4101
"2017-05-29",2108,369,1744,3944
"2017-05-30",3400,430,1917,5434
"2017-05-31",2566,362,1187,3949
"2017-06-01",2726,595,6282,9110
"2017-06-02",1941,317,3084,5167
"2017-06-03",1660,296,2331,4141
"2017-06-04",2326,389,1528,4130
"2017-06-05",1898,237,1730,3770
"2017-06-06",2562,255,2092,4773
"2017-06-07",3166,394,2294,5673
"2017-06-08",2035,648,5308,7506
"2017-06-09",1454,266,3099,4664
"2017-06-10",1645,271,1510,3320
"2017-06-11",5241,278,1287,6604
"2017-06-12",2526,290,1716,4373
"2017-06-13",1710,264,2197,3959
"2017-06-14",2138,361,2985,5309
"2017-06-15",1704,560,5582,7409
"2017-06-16",18843,1881,5035,23861
"2017-06-17",58523,4894,3427,63327
"2017-06-18",19518,9844,2306,28677
"2017-06-19",14335,1748,2460,17955
"2017-06-20",9054,947,2156,11715
"2017-06-21",14816,5120,1929,21114
"2017-06-22",10422,4573,5944,20050
"2017-06-23",8096,2147,5209,14840
"2017-06-24",4512,801,3009,7833
"2017-06-25",5660,555,1860,7751
"2017-06-26",5656,677,2432,8225
"2017-06-27",3249,348,1128,4544
"2017-06-28",2868,380,1388,4442
"2017-06-29",2429,794,1380,4367
"2017-06-30",2407,574,2244,5046
"2017-07-01",2810,376,1081,4084
"2017-07-02",2824,245,1008,3918
"2017-07-03",2246,194,1606,3948
"2017-07-04",4617,348,1316,6131
"2017-07-05",4670,385,8008,12742
"2017-07-06",6792,1161,4954,11744
"2017-07-07",5742,702,4756,9999
"2017-07-08",5836,894,5548,11132
"2017-07-09",4001,670,4102,7988
"2017-07-10",3687,286,5762,9410
"2017-07-11",4050,388,4936,9113
"2017-07-12",2924,391,4593,7615
"2017-07-13",5542,1426,2689,9452
"2017-07-14",4902,1866,1915,8427
"2017-07-15",4722,913,2874,8113
"2017-07-16",2275,375,1541,4018
"2017-07-17",5273,574,1957,7526
"2017-07-18",5311,591,4348,9774
"2017-07-19",3153,517,2743,5958
"2017-07-20",2877,365,3223,5691
"2017-07-21",3113,397,3588,6839
"2017-07-22",2941,481,3062,6225
"2017-07-23",2759,448,2324,5131
"2017-07-24",3007,277,1467,4599
"2017-07-25",2893,240,1069,4057
"2017-07-26",2668,270,1399,4183
"2017-07-27",2018,240,1280,3425
"2017-07-28",3640,544,2856,6588
"2017-07-29",3298,534,1926,5332
"2017-07-30",4195,212,2101,6370
"2017-07-31",3548,1097,1857,6338
"2017-08-01",2169,528,1593,4070
"2017-08-02",2511,285,2967,5517
"2017-08-03",2487,183,1112,3678
"2017-08-04",2347,269,1116,3552
"2017-08-05",2313,168,1328,3637
"2017-08-06",1977,192,1278,3365
"2017-08-07",2025,238,1851,3997
"2017-08-08",1753,164,2098,3913
"2017-08-09",9603,338,1834,11551
"2017-08-10",7109,257,1739,8834
"2017-08-11",4579,273,4297,8932
"2017-08-12",38412,2147,6471,46001
"2017-08-13",38892,2704,3609,43705
"2017-08-14",31010,1848,2392,34328
"2017-08-15",21400,2263,1767,24734
"2017-08-16",15081,1723,1776,17993
"2017-08-17",11344,987,1925,13865
"2017-08-18",13489,612,1745,15399
"2017-08-19",12847,1150,20947,33926
"2017-08-20",7190,1034,14531,21842
"2017-08-21",4829,669,15928,20941
"2017-08-22",4514,611,6360,11095
"2017-08-23",4788,449,4185,9184
"2017-08-24",4442,429,4440,9044
"2017-08-25",3475,518,3880,7377
"2017-08-26",3116,355,2492,5780
"2017-08-27",4875,444,2487,7571
"2017-08-28",8468,1927,3981,14049
"2017-08-29",5685,7998,3517,16599
"2017-08-30",4187,4190,3209,11202
"2017-08-31",6241,1011,2366,9357
"2017-09-01",4730,459,1551,6568
"2017-09-02",4573,360,1438,6240
"2017-09-03",3954,258,1675,5764
"2017-09-04",2792,343,1554,4541
"2017-09-05",2635,352,2193,5006
"2017-09-06",7056,403,2098,9378
"2017-09-07",6482,357,1899,8419
"2017-09-08",3027,268,1197,4323
"2017-09-09",2040,222,1082,3273
"2017-09-10",4678,370,2365,7043
"2017-09-11",5350,389,2507,7980
"2017-09-12",3166,312,1318,4666
"2017-09-13",3431,868,1711,5868
"2017-09-14",3156,4392,1192,8572
"2017-09-15",7212,1496,1723,10282
"2017-09-16",7937,1121,4246,12889
"2017-09-17",5372,610,2703,8403
"2017-09-18",4295,412,1978,6504
"2017-09-19",5333,732,2247,8104
"2017-09-20",5214,354,2989,8272
"2017-09-21",4240,338,2397,6803
"2017-09-22",3826,305,2399,6386
"2017-09-23",6376,337,2187,8739
"2017-09-24",13994,632,2440,16720
"2017-09-25",11445,974,2487,14091
"2017-09-26",11431,962,5320,17159
"2017-09-27",7451,606,6073,13674
"2017-09-28",5789,448,11039,16774
"2017-09-29",7368,726,9686,17441
"2017-09-30",5985,818,6611,12972
"2017-10-01",5271,702,3827,9534
"2017-10-02",4451,668,3094,7993
"2017-10-03",2665,831,4776,8059
"2017-10-04",2815,740,3167,6557
"2017-10-05",2812,319,2274,5261
"2017-10-06",7484,323,1880,9425
"2017-10-07",7772,274,2270,10177
"2017-10-08",7008,306,2320,9504
"2017-10-09",5957,353,2144,8264
"2017-10-10",5072,795,2150,7751
"2017-10-11",4945,401,3087,8271
"2017-10-12",3176,210,1146,4365
"2017-10-13",2276,188,1248,3627
"2017-10-14",2299,310,2404,4834
"2017-10-15",4158,250,3018,7306
"2017-10-16",3369,1439,3185,7495
"2017-10-17",3830,996,2482,6728
"2017-10-18",2496,427,2320,5023
"2017-10-19",3554,242,1436,5109
"2017-10-20",2488,174,1124,3722
"2017-10-21",1974,325,1252,3361
"2017-10-22",2034,378,1508,3708
"2017-10-23",2125,224,2215,4451
"2017-10-24",2059,189,1812,3989
"2017-10-25",1898,194,1032,3014
"2017-10-26",2043,256,1144,3363
"2017-10-27",2841,282,775,3839
"2017-10-28",8519,2674,949,10630
"2017-10-29",5414,1862,947,7548
"2017-10-30",4334,957,604,5577
"2017-10-31",2887,571,1025,4295
"2017-11-01",3411,282,1269,4844
"2017-11-02",5194,220,1039,6327
"2017-11-03",3941,198,809,4872
"2017-11-04",5955,428,1017,7228
"2017-11-05",3201,1003,2184,5519
"2017-11-06",2043,270,1110,3322
"2017-11-07",2279,254,624,3082
"2017-11-08",3343,219,1277,4747
"2017-11-09",3150,400,573,4042
"2017-11-10",1925,372,504,2710
"2017-11-11",1849,159,521,2490
"2017-11-12",1542,186,754,2400
"2017-11-13",2599,168,1308,3991
"2017-11-14",2595,208,1058,3765
"2017-11-15",2050,195,727,2835
"2017-11-16",3868,408,1842,5859
"2017-11-17",4550,353,1736,6359
"2017-11-18",4231,284,3351,7685
"2017-11-19",3162,227,1585,4866
"2017-11-20",2339,258,2975,5458
"2017-11-21",3543,219,1353,5012
"2017-11-22",5064,267,873,6145
"2017-11-23",3645,210,1101,4858
"2017-11-24",2585,280,4306,7001
"2017-11-25",3357,236,2766,6250
"2017-11-26",6051,520,2180,8261
"2017-11-27",9108,978,1710,11423
"2017-11-28",4038,423,1109,5439
"2017-11-29",4115,347,1119,5441
"2017-11-30",2712,296,1125,4023
"2017-12-01",3937,1279,3033,7010
"2017-12-02",3917,775,1121,5224
"2017-12-03",3348,335,1015,4478
"2017-12-04",2973,305,1266,4375
"2017-12-05",2741,256,1521,4348
"2017-12-06",2443,275,1395,3942
"2017-12-07",6542,543,1067,7864
"2017-12-08",5154,416,1549,6856
"2017-12-09",3138,1483,1992,6200
"2017-12-10",3118,1116,1136,4978
"2017-12-11",2475,512,1320,4068
"2017-12-12",2727,517,787,3862
"2017-12-13",7785,226,450,8371
"2017-12-14",2238,191,709,3037
"2017-12-15",2636,211,1096,3848
"2017-12-16",1982,241,975,3139
"2017-12-17",2246,191,808,3147
"2017-12-18",2349,196,960,3424
"2017-12-19",2128,338,1374,3741
"2017-12-20",2331,183,1453,3897
"2017-12-21",2098,228,870,3130
"2017-12-22",1751,143,958,2783
"2017-12-23",1626,221,1096,2870
"2017-12-24",1563,141,1974,3595
"2017-12-25",1656,143,1025,2725
"2017-12-26",1738,176,1905,3741
"2017-12-27",1767,166,1444,3297
"2017-12-28",5887,251,2074,8036
"2017-12-29",3000,277,1182,4262
"2017-12-30",5218,347,860,6232
"2017-12-31",3973,213,2609,6669
"2018-01-01",2515,205,3137,5747
"2018-01-02",3971,271,1490,5537
"2018-01-03",2567,218,738,3409
"2018-01-04",2544,210,1024,3699
"2018-01-05",2275,202,908,3283
"2018-01-06",2360,379,845,3507
"2018-01-07",2484,287,793,3451
"2018-01-08",2860,289,1136,4196
"2018-01-09",3462,685,6255,10216
"2018-01-10",2244,285,2829,5247
"2018-01-11",2163,311,3230,5625
"2018-01-12",2624,210,1399,4162
"2018-01-13",1963,214,1131,3225
"2018-01-14",1820,200,1352,3289
"2018-01-15",5089,472,738,6040
"2018-01-16",4427,556,1094,5652
"2018-01-17",3589,264,1310,4998
"2018-01-18",2933,241,3920,6959
"2018-01-19",2513,442,1244,4007
"2018-01-20",6226,389,1477,7554
"2018-01-21",7131,222,5052,8458
"2018-01-22",4806,324,1885,5754
"2018-01-23",2614,303,1016,3574
"2018-01-24",1764,162,1261,3044
"2018-01-25",1798,177,2430,4296
"2018-01-26",2813,167,2571,5469
"2018-01-27",1971,173,1796,3852
"2018-01-28",2226,286,3949,6309
"2018-01-29",4979,400,6365,11542
"2018-01-30",2788,504,1446,4622
"2018-01-31",10076,520,1199,11601
"2018-02-01",5044,282,1097,6236
"2018-02-02",7541,370,3092,10697
"2018-02-03",3643,392,1888,5719
"2018-02-04",5672,302,1725,7388
"2018-02-05",18212,337,1324,19519
"2018-02-06",10823,274,2500,13435
"2018-02-07",16165,303,1479,17748
"2018-02-08",11099,301,1695,12901
"2018-02-09",3702,533,1584,5440
"2018-02-10",3243,261,4587,7897
"2018-02-11",3678,503,7080,10769
"2018-02-12",3142,351,4076,7404
"2018-02-13",2987,345,2722,5912
"2018-02-14",2606,591,2459,5548
"2018-02-15",2607,647,1200,4106
"2018-02-16",3205,416,1031,4461
"2018-02-17",2827,777,1558,5068
"2018-02-18",1911,514,2441,4725
"2018-02-19",2898,860,1936,5570
"2018-02-20",2583,1096,919,4490
"2018-02-21",2930,1081,2273,6193
"2018-02-22",5188,1066,2243,8309
"2018-02-23",3237,956,1681,5766
"2018-02-24",4446,673,1835,6666
"2018-02-25",3511,1025,1755,6081
"2018-02-26",8457,950,1108,10414
"2018-02-27",6565,527,1310,8183
"2018-02-28",3817,257,1212,5192
"2018-03-01",3254,193,745,4136
"2018-03-02",5104,335,1895,7206
"2018-03-03",11125,489,1835,13104
"2018-03-04",7275,203,1016,8438
"2018-03-05",4560,233,1447,6167
"2018-03-06",3249,175,1219,4565
"2018-03-07",3742,208,1611,5481
"2018-03-08",3356,251,2490,6000
"2018-03-09",2965,303,1932,5080
"2018-03-10",3762,264,3252,7154
"2018-03-11",3087,321,3164,6373
"2018-03-12",2850,330,1929,5007
"2018-03-13",5156,299,1550,6912
"2018-03-14",28039,382,1892,30225
"2018-03-15",14780,311,2528,17506
"2018-03-16",7014,836,1763,9454
"2018-03-17",7219,273,1531,8903
"2018-03-18",7653,370,1322,9263
"2018-03-19",5466,403,1331,7111
"2018-03-20",4782,290,2681,7653
"2018-03-21",19194,992,2740,22803
"2018-03-22",32609,696,1317,34447
"2018-03-23",25794,784,939,27106
"2018-03-24",22537,805,1152,24224
"2018-03-25",16821,1008,989,18596
"2018-03-26",10584,626,921,12000
"2018-03-27",37973,957,1144,39791
"2018-03-28",24029,422,1223,25493
"2018-03-29",20571,725,1022,22141
"2018-03-30",15067,435,2472,17716
"2018-03-31",18130,285,2792,20875
"2018-04-01",10886,207,1594,12572
"2018-04-02",7796,361,1081,9122
"2018-04-03",5832,257,1071,7047
"2018-04-04",8976,388,1151,10327
"2018-04-05",16562,574,1540,18324
"2018-04-06",7948,240,1452,9500
"2018-04-07",4478,331,1135,5837
"2018-04-08",3918,477,682,4973
"2018-04-09",6608,325,905,7729
"2018-04-10",6308,378,1539,8073
"2018-04-11",4713,296,844,5767
"2018-04-12",4019,548,604,5088
"2018-04-13",6342,546,3049,9776
"2018-04-14",9089,275,1282,10547
"2018-04-15",8935,287,1293,10445
"2018-04-16",6275,419,1154,7596
"2018-04-17",5323,435,1688,7207
"2018-04-18",4523,312,1362,6081
"2018-04-19",4910,268,1662,6671
"2018-04-20",5539,487,3626,9374
"2018-04-21",5107,256,2646,7840
"2018-04-22",15753,205,2310,18165
"2018-04-23",12390,395,2327,14956
"2018-04-24",13547,295,1682,15382
"2018-04-25",7662,721,8082,15926
"2018-04-26",6219,411,4143,10520
"2018-04-27",9078,412,2299,11638
"2018-04-28",5557,471,3056,8965
"2018-04-29",4676,366,3505,8394
"2018-04-30",3023,495,2151,5562
"2018-05-01",2947,446,834,4133
"2018-05-02",5189,501,1216,6790
"2018-05-03",4376,439,2420,7129
"2018-05-04",3766,450,1811,5878
"2018-05-05",2740,286,1416,4363
"2018-05-06",2938,536,1344,4728
"2018-05-07",1026,263,505,1740
"2018-05-08",889,296,386,1497
"2018-05-09",796,229,355,1344
"2018-05-10",1205,246,357,1742
"2018-05-11",1406,297,445,2058
"2018-05-12",983,243,374,1524
"2018-05-13",746,230,394,1325
"2018-05-14",863,323,464,1565
"2018-05-15",1076,347,741,2073
"2018-05-16",1077,324,707,1992
"2018-05-17",914,275,545,1638
"2018-05-18",792,383,439,1529
"2018-05-19",848,270,355,1396
"2018-05-20",719,206,290,1156
"2018-05-21",848,255,472,1509
"2018-05-22",894,259,593,1648
"2018-05-23",1590,316,516,2339
"2018-05-24",2218,353,623,3081
"2018-05-25",1336,305,562,2112
"2018-05-26",994,323,434,1675
"2018-05-27",828,328,292,1360
"2018-05-28",1184,363,316,1760
"2018-05-29",1148,318,285,1667
"2018-05-30",934,332,329,1488
"2018-05-31",911,348,386,1554
"2018-06-01",1233,346,400,1883
"2018-06-02",849,265,393,1437
"2018-06-03",923,256,413,1519
"2018-06-04",866,194,328,1324
"2018-06-05",1015,254,311,1530
"2018-06-06",1108,288,317,1640
"2018-06-07",1189,290,327,1728
"2018-06-08",944,363,418,1649
"2018-06-09",661,231,391,1224
"2018-06-10",587,245,304,1065
"2018-06-11",621,225,227,1020
"2018-06-12",847,209,243,1247
"2018-06-13",921,256,292,1392
"2018-06-14",781,292,309,1313
"2018-06-15",634,224,400,1211
"2018-06-16",705,294,421,1342
"2018-06-17",674,337,307,1229
"2018-06-18",718,529,336,1487
"2018-06-19",1498,1211,244,2754
"2018-06-20",1368,1512,295,2956
"2018-06-21",1706,1087,415,2998
"2018-06-22",1547,1842,418,3518
"2018-06-23",1240,764,345,2198
"2018-06-24",1052,496,348,1789
"2018-06-25",1284,552,405,2093
"2018-06-26",1010,479,291,1680
"2018-06-27",1176,365,304,1764
"2018-06-28",945,415,343,1630
"2018-06-29",1117,368,321,1724
"2018-06-30",997,389,290,1581
"2018-07-01",978,295,339,1535
"2018-07-02",800,284,446,1456
"2018-07-03",825,308,448,1506
"2018-07-04",876,261,344,1406
"2018-07-05",1129,296,281,1637
"2018-07-06",954,306,385,1589
"2018-07-07",930,382,331,1557
"2018-07-08",820,309,234,1268
"2018-07-09",578,378,290,1170
"2018-07-10",799,506,319,1534
"2018-07-11",973,328,351,1566
"2018-07-12",994,265,343,1525
"2018-07-13",1238,278,294,1740
"2018-07-14",1150,288,337,1697
"2018-07-15",1835,566,801,3037
"2018-07-16",931,272,638,1770
"2018-07-17",1032,246,609,1817
"2018-07-18",876,235,519,1573
"2018-07-19",832,239,378,1383
"2018-07-20",875,214,332,1357
"2018-07-21",752,268,385,1333
"2018-07-22",742,236,339,1244
"2018-07-23",908,270,279,1368
"2018-07-24",1092,290,353,1658
"2018-07-25",1109,324,344,1678
"2018-07-26",1112,317,470,1814
"2018-07-27",926,287,458,1595
"2018-07-28",906,238,361,1444
"2018-07-29",755,322,378,1382
"2018-07-30",1044,302,510,1752
"2018-07-31",1333,305,472,2013
"2018-08-01",877,335,394,1525
"2018-08-02",909,268,331,1432
"2018-08-03",844,254,346,1388
"2018-08-04",838,286,459,1509
"2018-08-05",854,258,349,1387
"2018-08-06",856,333,467,1555
"2018-08-07",956,269,382,1503
"2018-08-08",994,295,412,1620
"2018-08-09",1099,290,434,1731
"2018-08-10",1443,327,471,2156
"2018-08-11",1063,361,495,1835
"2018-08-12",1844,424,497,2610
"2018-08-13",1399,338,334,1948
"2018-08-14",915,234,253,1329
"2018-08-15",694,246,901,1765
"2018-08-16",795,272,953,1942
"2018-08-17",785,224,737,1670
"2018-08-18",821,269,480,1488
"2018-08-19",737,255,434,1340
"2018-08-20",850,300,386,1442
"2018-08-21",992,310,335,1569
"2018-08-22",962,364,407,1644
"2018-08-23",821,331,383,1477
"2018-08-24",699,282,509,1413
"2018-08-25",800,284,489,1496
"2018-08-26",685,280,450,1334
"2018-08-27",635,260,500,1328
"2018-08-28",1095,232,391,1655
"2018-08-29",1005,263,303,1510
"2018-08-30",869,240,354,1374
"2018-08-31",911,328,327,1471
"2018-09-01",670,253,281,1138
"2018-09-02",545,238,278,989
"2018-09-03",830,295,464,1468
"2018-09-04",2343,544,723,3439
"2018-09-05",1526,443,502,2346
"2018-09-06",1286,363,428,1970
"2018-09-07",1440,329,463,2129
"2018-09-08",1577,356,434,2239
"2018-09-09",1179,334,480,1873
"2018-09-10",1301,364,409,1920
"2018-09-11",1306,440,392,2005
"2018-09-12",1231,410,413,1957
"2018-09-13",1015,325,410,1652
"2018-09-14",1568,337,463,2281
"2018-09-15",932,259,631,1745
"2018-09-16",873,274,610,1663
"2018-09-17",802,302,726,1723
"2018-09-18",1005,304,509,1705
"2018-09-19",807,312,424,1441
"2018-09-20",805,252,466,1443
"2018-09-21",750,259,310,1245
"2018-09-22",635,230,380,1180
"2018-09-23",603,213,458,1223
"2018-09-24",701,198,702,1524
"2018-09-25",711,200,438,1274
"2018-09-26",723,225,357,1245
"2018-09-27",685,223,287,1153
"2018-09-28",640,266,283,1130
"2018-09-29",605,224,434,1200
"2018-09-30",526,231,456,1150
"2018-10-01",662,201,517,1316
"2018-10-02",731,223,286,1168
"2018-10-03",641,268,550,1390
"2018-10-04",815,327,949,1976
"2018-10-05",1615,317,448,2278
"2018-10-06",1080,267,570,1836
"2018-10-07",911,345,360,1507
"2018-10-08",918,309,551,1690
"2018-10-09",783,416,619,1712
"2018-10-10",820,314,463,1515
"2018-10-11",927,245,417,1510
"2018-10-12",812,259,366,1348
"2018-10-13",801,211,347,1282
"2018-10-14",851,209,267,1266
"2018-10-15",786,240,303,1259
"2018-10-16",859,192,252,1253
"2018-10-17",822,249,516,1493
"2018-10-18",891,221,385,1437
"2018-10-19",892,220,400,1436
"2018-10-20",729,232,525,1401
"2018-10-21",855,283,778,1824
"2018-10-22",915,278,457,1563
"2018-10-23",812,259,481,1465
"2018-10-24",721,287,473,1400
"2018-10-25",792,296,420,1426
"2018-10-26",755,263,437,1388
"2018-10-27",790,350,482,1511
"2018-10-28",774,372,341,1386
"2018-10-29",845,422,510,1680
"2018-10-30",763,307,375,1345
"2018-10-31",795,272,281,1256
"2018-11-01",819,272,303,1309
"2018-11-02",1508,303,426,2151
"2018-11-03",389,295,293,883
"2018-11-04",668,259,367,1198
"2018-11-05",983,260,394,1559
"2018-11-06",1019,322,474,1729
"2018-11-07",602,220,40,823
"2018-11-08",589,291,462,1276
"2018-11-09",536,220,401,1102
"2018-11-10",578,217,243,968
"2018-11-11",519,187,237,867
"2018-11-12",906,248,189,1296
"2018-11-13",1148,251,225,1553
"2018-11-14",1534,300,570,2326
"2018-11-15",1464,171,1090,2660
"2018-11-16",1233,137,1463,2773
"2018-11-17",2576,144,1092,3748
"2018-11-18",1566,145,2669,4289
"2018-11-19",1185,413,1053,2590
"2018-11-20",1134,1893,3105,4816
"2018-11-21",1152,595,1083,2384
"2018-11-22",2898,293,951,4027
"2018-11-23",2426,218,664,3237
"2018-11-24",2143,441,769,3275
"2018-11-25",11193,338,906,12248
"2018-11-26",3156,574,788,4448
"2018-11-27",4071,925,689,5596
"2018-11-28",4696,418,589,5621
"2018-11-29",5193,226,535,5890
"2018-11-30",1141,117,97,1341
"2018-12-01",536,205,227,927
"2018-12-02",425,212,246,833
"2018-12-03",522,196,395,1063
"2018-12-04",699,238,321,1209
"2018-12-05",615,232,296,1095
"2018-12-06",806,262,631,1639
"2018-12-07",2362,283,1226,3804
"2018-12-08",2131,447,1414,3941
"2018-12-09",2492,218,639,3302
"2018-12-10",2235,208,788,3182
"2018-12-11",1397,284,1899,3508
"2018-12-12",1856,181,1220,3211
"2018-12-13",1322,168,1408,2859
"2018-12-14",299,57,383,729
"2018-12-15",568,298,935,1735
"2018-12-16",364,181,368,878
"2018-12-17",578,178,486,1189
"2018-12-18",590,83,694,1332
"2018-12-19",614,107,724,1412
"2018-12-20",899,220,1065,2139
"2018-12-21",979,138,1549,2632
"2018-12-22",759,143,1139,2007
"2018-12-23",886,130,1114,2092
"2018-12-24",1180,183,1757,3048
"2018-12-25",952,100,1115,2134
"2018-12-26",798,137,1429,2332
"2018-12-27",887,200,2900,3924
"2018-12-28",1220,430,10422,11954
"2018-12-29",1303,452,6637,8281
"2018-12-30",994,480,4496,5898
"2018-12-31",1563,320,1437,3268
"2019-01-01",1046,188,2157,3333
"2019-01-02",1294,224,2531,3971
"2019-01-03",1169,241,1215,2512
"2019-01-04",902,209,1161,2190
"2019-01-05",1651,420,799,2573
"2019-01-06",1800,656,1514,3630
"2019-01-07",3684,352,2124,5965
"2019-01-08",6389,316,1370,7952
"2019-01-09",3137,388,3150,6558
"2019-01-10",1891,259,2933,4982
"2019-01-11",1227,300,4767,6142
"2019-01-12",2316,361,3738,6141
"2019-01-13",1692,505,3925,5969
"2019-01-14",1026,482,3233,4636
"2019-01-15",1259,655,3896,5696
"2019-01-16",1363,352,1729,3317
"2019-01-17",2347,292,1810,4080
"2019-01-18",3976,444,1697,5925
"2019-01-19",2895,343,961,4111
"2019-01-20",3235,251,1232,4630
"2019-01-21",3158,354,5313,8693
"2019-01-22",2221,263,2363,4751
"2019-01-23",1348,320,1491,3095
"2019-01-24",1292,741,1249,3202
"2019-01-25",1310,479,965,2691
"2019-01-26",1039,256,961,2191
"2019-01-27",1187,712,1355,3097
"2019-01-28",1309,313,1708,3270
"2019-01-29",3425,262,4032,7614
"2019-01-30",3522,659,1421,5485
"2019-01-31",5558,801,869,7079
"2019-02-01",6590,1179,3208,10782
"2019-02-02",2592,941,1741,5079
"2019-02-03",3201,1373,1898,6188
"2019-02-04",7299,1021,1501,9721
"2019-02-05",11170,1144,2242,14413
"2019-02-06",4630,1237,1522,7254
"2019-02-07",2817,2009,2466,6754
"2019-02-08",2077,604,1454,4002
"2019-02-09",1890,863,5530,7905
"2019-02-10",1710,497,1670,3688
"2019-02-11",1860,333,888,2968
"2019-02-12",1866,401,923,3113
"2019-02-13",1947,358,3376,5604
"2019-02-14",2764,279,1037,4020
"2019-02-15",2011,278,872,3097
"2019-02-16",2016,583,1203,3748
"2019-02-17",4001,338,1696,5978
"2019-02-18",6116,313,1539,7869
"2019-02-19",1994,366,841,3133
"2019-02-20",2239,642,902,3708
"2019-02-21",2157,583,1352,3807
"2019-02-22",1532,315,2724,4467
"2019-02-23",1153,767,2027,3768
"2019-02-24",1229,921,1245,3237
"2019-02-25",1325,798,1120,3151
"2019-02-26",8090,734,792,9569
"2019-02-27",3311,1001,1185,5397
"2019-02-28",3438,436,2740,6546
"2019-03-01",2250,389,2223,4753
"2019-03-02",3215,388,1543,5038
"2019-03-03",8845,451,1542,10729
"2019-03-04",4555,383,1666,6531
"2019-03-05",2241,658,954,3797
"2019-03-06",2011,579,862,3354
"2019-03-07",2305,644,1312,4152
"2019-03-08",2518,718,1277,4416
"2019-03-09",1674,614,1289,3406
"2019-03-10",878,280,784,1905
"2019-03-11",1588,325,495,2365
"2019-03-12",1285,279,473,1979
"2019-03-13",1490,291,859,2578
"2019-03-14",1452,499,879,2768
"2019-03-15",2357,899,1996,5131
"2019-03-16",453,437,297,1127
"2019-03-17",438,354,318,1064
"2019-03-18",535,322,317,1118
"2019-03-19",1007,418,496,1869
"2019-03-20",4237,393,1222,5485
"2019-03-21",5894,876,5055,8527
"2019-03-22",2587,447,2756,5470
"2019-03-23",3244,314,1403,4811
"2019-03-24",1770,288,1849,3754
"2019-03-25",1687,309,982,2888
"2019-03-26",3033,436,1167,4568
"2019-03-27",1617,233,886,2679
"2019-03-28",1284,289,1579,3110
"2019-03-29",1402,271,1762,3378
"2019-03-30",969,413,1320,2634
"2019-03-31",1609,493,680,2683
"2019-04-01",2485,885,557,3698
"2019-04-02",1405,809,745,2888
"2019-04-03",1330,1090,703,3053
"2019-04-04",1847,581,991,3207
"2019-04-05",1764,797,780,2990
"2019-04-06",1320,1331,708,3097
"2019-04-07",1030,547,835,2259
"2019-04-08",2512,282,1017,3737
"2019-04-09",2194,385,638,3160
"2019-04-10",1629,426,535,2508
"2019-04-11",1497,226,779,2461
"2019-04-12",1300,262,717,2223
"2019-04-13",2453,197,563,3167
"2019-04-14",1285,363,692,2274
"2019-04-15",1056,382,2089,3449
"2019-04-16",1153,410,1119,2614
"2019-04-17",1312,238,724,2221
"2019-04-18",1370,240,1300,2856
"2019-04-19",5867,469,2134,7148
"2019-04-20",9052,528,2925,10409
"2019-04-21",7354,251,1626,8893
"2019-04-22",2487,351,1089,3774
"2019-04-23",1158,244,803,2109
"2019-04-24",1591,253,842,2564
"2019-04-25",2175,234,839,3153
"2019-04-26",1673,229,563,2410
"2019-04-27",1363,206,879,2381
"2019-04-28",1196,213,737,2035
"2019-04-29",2807,1475,395,3356
"2019-04-30",1625,389,1076,2702
"2019-05-01",1769,223,3411,5252
"2019-05-02",1226,820,1045,3017
"2019-05-03",913,298,1119,2258
"2019-05-04",1538,469,825,2787
"2019-05-05",1479,262,2330,4000
"2019-05-06",1414,244,2327,3920
"2019-05-07",2498,595,2535,5539
"2019-05-08",2905,525,1089,4438
"2019-05-09",1937,865,625,3364
"2019-05-10",1625,387,912,2890
"2019-05-11",1518,208,1487,3154
"2019-05-12",4135,187,1630,5881
"2019-05-13",1630,172,3817,5545
"2019-05-14",3678,149,3070,6821
"2019-05-15",3939,368,1894,6090
"2019-05-16",1826,1792,1845,5371
"2019-05-17",2894,407,1342,4545
"2019-05-18",1531,228,961,2653
"2019-05-19",1236,248,965,2401
"2019-05-20",2236,521,1381,3849
"2019-05-21",1754,426,2021,4036
"2019-05-22",1071,192,1240,2456
"2019-05-23",1743,269,707,2590
"2019-05-24",1346,182,583,2067
"2019-05-25",1081,117,637,1785
"2019-05-26",849,128,703,1651
"2019-05-27",1007,120,428,1512
"2019-05-28",1094,190,657,1900
"2019-05-29",1788,253,760,2734
"2019-05-30",2158,245,885,3243
"2019-05-31",1423,213,557,2153
"2019-06-01",1055,196,534,1738
"2019-06-02",1009,181,543,1699
"2019-06-03",1837,161,519,2448
"2019-06-04",1820,223,637,2575
"2019-06-05",1487,361,674,2439
"2019-06-06",3651,307,737,4606
"2019-06-07",4545,296,1730,6418
"2019-06-08",1817,236,1410,3368
"2019-06-09",2802,204,645,3597
"2019-06-10",3740,359,1401,5413
"2019-06-11",2093,272,1132,3380
"2019-06-12",1544,202,816,2489
"2019-06-13",2162,418,2778,5219
"2019-06-14",88402,390,1671,90166
"2019-06-15",158531,675,2025,160888
"2019-06-16",35574,302,855,36558
"2019-06-17",6808,155,505,7414
"2019-06-18",3558,302,883,4594
"2019-06-19",4667,323,3146,7926
"2019-06-20",1921,432,2806,4900
"2019-06-21",1484,472,3806,5557
"2019-06-22",1283,301,1630,3108
"2019-06-23",2333,360,1288,3747
"2019-06-24",2074,385,1573,3926
"2019-06-25",1619,319,1287,3156
"2019-06-26",1646,446,1503,3376
"2019-06-27",1728,235,1457,3343
"2019-06-28",1367,415,1098,2821
"2019-06-29",1298,430,1193,2854
"2019-06-30",996,372,1210,2490
"2019-07-01",1560,545,1129,3079
"2019-07-02",2126,679,1629,4327
"2019-07-03",1632,645,1325,3228
"2019-07-04",2240,288,1063,3454
"2019-07-05",1581,212,1153,2878
"2019-07-06",4422,308,1891,6474
"2019-07-07",5451,435,2448,8182
"2019-07-08",2622,472,2050,4923
"2019-07-09",1892,254,2551,4583
"2019-07-10",5319,277,952,6465
"2019-07-11",3703,278,880,4741
"2019-07-12",1810,233,731,2715
"2019-07-13",2949,523,805,3920
"2019-07-14",2034,343,3625,5785
"2019-07-15",1179,343,2509,3849
"2019-07-16",8728,325,8769,17340
"2019-07-17",5903,212,2804,8739
"2019-07-18",4684,385,1303,6109
"2019-07-19",1763,250,1564,3442
"2019-07-20",1491,195,1524,3127
"2019-07-21",1146,248,896,2221
"2019-07-22",969,262,2724,3823
"2019-07-23",1889,272,14257,16020
"2019-07-24",3053,288,5736,8751
"2019-07-25",1368,295,6093,7501
"2019-07-26",1206,764,5758,6932
"2019-07-27",2513,1227,2731,5761
"2019-07-28",1834,696,1488,3799
"2019-07-29",2485,384,1980,4740
"2019-07-30",4617,278,1205,5967
"2019-07-31",4004,318,1048,5183
"2019-08-01",2919,921,1655,4740
"2019-08-02",2545,397,1343,3975
"2019-08-03",3397,297,1163,4639
"2019-08-04",2272,589,1664,4337
"2019-08-05",1453,364,1776,3467
"2019-08-06",1954,349,949,3167
"2019-08-07",1872,318,520,2612
"2019-08-08",1552,223,575,2293
"2019-08-09",3968,247,1008,5115
"2019-08-10",2817,313,783,3819
"2019-08-11",1496,298,2570,4209
"2019-08-12",1879,187,1129,3120
"2019-08-13",1323,308,2039,3445
"2019-08-14",1640,294,4025,5755
"2019-08-15",7408,666,19493,25554
"2019-08-16",1866,1212,3822,5753
"2019-08-17",1568,854,3572,5208
"2019-08-18",1282,645,1845,3220
"2019-08-19",3272,404,1249,4642
"2019-08-20",2844,571,2064,5016
"2019-08-21",3229,335,1117,4479
"2019-08-22",2215,314,2126,4540
"2019-08-23",1245,253,893,2301
"2019-08-24",860,318,1914,2938
"2019-08-25",1148,243,1837,3065
"2019-08-26",1094,152,836,2028
"2019-08-27",2593,2249,1250,3952
"2019-08-28",1400,417,1393,2899
"2019-08-29",1303,291,1077,2506
"2019-08-30",1049,419,1456,2775
"2019-08-31",881,295,1048,2080
"2019-09-01",1016,391,793,2021
"2019-09-02",1111,435,1011,2269
"2019-09-03",3887,668,540,4817
"2019-09-04",2677,442,905,3903
"2019-09-05",1427,586,1197,3114
"2019-09-06",1346,552,4827,6534
"2019-09-07",922,399,1634,2763
"2019-09-08",1217,389,815,2276
"2019-09-09",979,471,904,2015
"2019-09-10",976,311,962,2057
"2019-09-11",882,298,964,1991
"2019-09-12",2475,245,621,3283
"2019-09-13",2063,465,921,3164
"2019-09-14",1627,297,1341,3079
"2019-09-15",795,563,1033,1983
"2019-09-16",921,194,536,1587
"2019-09-17",1310,307,9605,10908
"2019-09-18",1641,286,2083,3716
"2019-09-19",2370,342,14950,16929
"2019-09-20",2195,235,11060,12860
"2019-09-21",1488,650,3681,5197
"2019-09-22",1206,1903,3102,5014
"2019-09-23",2696,704,1432,4289
"2019-09-24",866,525,856,1912
"2019-09-25",967,355,854,1943
"2019-09-26",1392,461,1352,2830
"2019-09-27",1299,301,1205,2614
"2019-09-28",1523,239,2416,4057
"2019-09-29",1051,356,2696,3816
"2019-09-30",1408,237,2373,3869
"2019-10-01",4788,216,792,5706
"2019-10-02",4895,194,660,5674
"2019-10-03",8437,490,1265,9966
"2019-10-04",1791,472,798,2962
"2019-10-05",1153,247,604,1952
"2019-10-06",5929,172,685,6725
"2019-10-07",2013,217,719,2900
"2019-10-08",1157,175,567,1830
"2019-10-09",1125,172,627,1846
"2019-10-10",1138,212,581,1812
"2019-10-11",1442,205,1480,2974
"2019-10-12",956,466,717,1988
"2019-10-13",8426,334,609,9200
"2019-10-14",7164,253,537,7818
"2019-10-15",6137,360,771,7157
"2019-10-16",3141,271,954,4240
"2019-10-17",1573,215,662,2336
"2019-10-18",1566,209,891,2521
"2019-10-19",1064,160,968,2121
"2019-10-20",985,394,724,1888
"2019-10-21",1827,309,696,2685
"2019-10-22",2429,196,1108,3617
"2019-10-23",1811,181,770,2644
"2019-10-24",1304,299,1003,2498
"2019-10-25",1261,117,728,2058
"2019-10-26",1809,135,689,2570
"2019-10-27",2249,162,578,2906
"2019-10-28",1392,317,722,2271
"2019-10-29",1025,381,1044,2275
"2019-10-30",973,211,513,1588
"2019-10-31",672,283,658,1397
"2019-11-01",755,250,573,1420
"2019-11-02",1832,206,1061,3001
"2019-11-03",1227,309,1275,2681
"2019-11-04",1389,215,1165,2688
"2019-11-05",978,487,1419,2498
"2019-11-06",707,584,1190,2001
"2019-11-07",869,687,1622,2720
"2019-11-08",1139,369,1928,3303
"2019-11-09",836,200,1768,2689
"2019-11-10",1377,128,838,2283
"2019-11-11",1293,182,1053,2441
"2019-11-12",1536,152,698,2329
"2019-11-13",3436,147,631,4143
"2019-11-14",1298,489,1006,2528
"2019-11-15",2270,290,505,2985
"2019-11-16",1073,494,737,2043
"2019-11-17",1362,151,677,2113
"2019-11-18",2204,216,702,3068
"2019-11-19",1090,165,705,1875
"2019-11-20",1363,338,1209,2732
"2019-11-21",2441,510,1283,4057
"2019-11-22",1348,285,2140,3688
"2019-11-23",1627,1005,4639,6739
"2019-11-24",2746,441,2179,4793
"2019-11-25",1243,2142,3473,4817
"2019-11-26",3195,2276,30780,32055
"2019-11-27",2943,1077,25742,27288
"2019-11-28",1043,825,2478,4009
"2019-11-29",1070,461,1198,2626
"2019-11-30",888,404,1023,2135
"2019-12-01",785,194,803,1689
"2019-12-02",942,181,512,1588
"2019-12-03",1230,338,1245,2607
"2019-12-04",4101,210,758,5003
"2019-12-05",4442,820,862,5924
"2019-12-06",1487,604,1024,2917
"2019-12-07",1537,213,1047,2732
"2019-12-08",1826,1025,3802,6350
"2019-12-09",1039,481,2267,3681
"2019-12-10",894,287,3506,4547
"2019-12-11",1125,380,2805,4151
"2019-12-12",885,536,2387,3662
"2019-12-13",710,543,2707,3692
"2019-12-14",782,242,1140,2011
"2019-12-15",634,134,888,1621
"2019-12-16",689,153,1126,1928
"2019-12-17",849,176,1222,2174
"2019-12-18",918,218,626,1705
"2019-12-19",975,585,905,2329
"2019-12-20",2381,392,904,3622
"2019-12-21",952,298,955,2031
"2019-12-22",869,250,697,1705
"2019-12-23",1658,195,1016,2783
"2019-12-24",1292,244,736,2217
"2019-12-25",578,160,582,1267
"2019-12-26",700,967,1047,2342
"2019-12-27",731,667,1050,2182
"2019-12-28",642,465,1085,1877
"2019-12-29",1777,298,1092,3042
"2019-12-30",1386,728,1155,3035
"2019-12-31",1219,504,1180,2724
"2020-01-01",554,241,2492,3175
"2020-01-02",636,1016,1863,3219
"2020-01-03",1055,683,1087,2681
"2020-01-04",541,298,1149,1895
"2020-01-05",606,323,999,1747
"2020-01-06",545,206,931,1613
"2020-01-07",1498,155,859,2487
"2020-01-08",1013,291,732,1929
"2020-01-09",1165,1050,1850,3781
"2020-01-10",1088,558,977,2438
"2020-01-11",621,369,765,1544
"2020-01-12",889,425,919,2031
"2020-01-13",1566,566,1677,3659
"2020-01-14",1638,279,872,2633
"2020-01-15",298,133,317,660
"2020-01-16",1427,617,1103,3072
"2020-01-17",2371,453,1745,4354
"2020-01-18",1731,243,1228,3088
"2020-01-19",1431,402,1599,3102
"2020-01-20",3434,392,3465,7056
"2020-01-21",1735,156,3040,4838
"2020-01-22",953,146,815,1856
"2020-01-23",854,869,990,2659
"2020-01-24",940,1042,1425,3242
"2020-01-25",2832,2846,6153,11642
"2020-01-26",2041,553,1239,3724
"2020-01-27",1312,3250,1514,5960
"2020-01-28",1880,744,763,3290
"2020-01-29",1825,300,504,2474
"2020-01-30",1255,642,753,2486
"2020-01-31",1138,369,1044,2461
"2020-02-01",1695,324,1294,3192
"2020-02-02",1855,283,1494,3541
"2020-02-03",2809,249,965,3937
"2020-02-04",1687,318,938,2785
"2020-02-05",18957,361,1389,20539
"2020-02-06",35574,874,3692,39598
"2020-02-07",49465,378,1855,51534
"2020-02-08",18236,277,807,19208
"2020-02-09",13674,857,30558,36253
"2020-02-10",4430,476,27136,29961
"2020-02-11",2600,265,3992,6609
"2020-02-12",3122,241,1561,4780
"2020-02-13",2124,1543,1560,5001
"2020-02-14",1588,616,1393,3456
"2020-02-15",1064,328,1169,2448
"2020-02-16",1192,608,1288,2679
"2020-02-17",1247,385,1307,2690
"2020-02-18",1268,243,1231,2590
"2020-02-19",3180,323,1298,4675
"2020-02-20",3688,1249,1140,5713
"2020-02-21",1807,536,745,2919
"2020-02-22",1685,356,714,2565
"2020-02-23",2110,347,805,3051
"2020-02-24",1293,897,1182,2698
"2020-02-25",1393,363,1065,2604
"2020-02-26",5306,345,1343,6888
"2020-02-27",2881,486,919,4146
"2020-02-28",1357,302,612,2116
"2020-02-29",1477,230,490,2098
"2020-03-01",1385,203,716,2204
"2020-03-02",2246,206,907,3282
"2020-03-03",2614,205,745,3186
"2020-03-04",1067,206,1066,2266
"2020-03-05",2135,772,711,3520
"2020-03-06",2772,793,912,4191
"2020-03-07",1288,263,769,2208
"2020-03-08",1212,196,863,2196
"2020-03-09",851,237,470,1509
"2020-03-10",1066,185,410,1624
"2020-03-11",1109,219,633,1898
"2020-03-12",1113,606,842,2515
"2020-03-13",773,445,935,2044
"2020-03-14",942,161,1300,2358
"2020-03-15",1196,998,694,2215
"2020-03-16",920,737,785,1865
"2020-03-17",652,284,1108,1887
"2020-03-18",667,325,1014,1855
"2020-03-19",569,719,569,1752
"2020-03-20",466,363,589,1378
"2020-03-21",929,237,638,1764
"2020-03-22",817,325,2367,3384
"2020-03-23",756,294,1157,2156
"2020-03-24",826,561,571,1874
"2020-03-25",815,798,1806,3233
"2020-03-26",575,455,1092,1968
"2020-03-27",495,403,1476,2301
"2020-03-28",719,445,2245,3206
"2020-03-29",726,362,3634,4626
"2020-03-30",588,424,3985,4876
"2020-03-31",549,365,918,1776
"2020-04-01",655,403,702,1707
"2020-04-02",2203,350,810,3304
"2020-04-03",3593,561,780,4851
"2020-04-04",1312,507,719,2368
"2020-04-05",1011,394,835,2186
"2020-04-06",1021,305,624,1884
"2020-04-07",1151,311,484,1907
"2020-04-08",1575,239,789,2562
"2020-04-09",1201,320,803,2194
"2020-04-10",1761,644,2605,4625
"2020-04-11",2181,548,1894,4497
"2020-04-12",2495,473,1135,3995
"2020-04-13",1485,373,903,2667
"2020-04-14",1306,500,1004,2724
"2020-04-15",1282,494,1383,3052
"2020-04-16",1233,545,987,2674
"2020-04-17",1185,368,795,2280
"2020-04-18",2622,422,721,3645
"2020-04-19",3408,435,1321,5052
"2020-04-20",1586,1323,1544,4346
"2020-04-21",1054,656,1194,2788
"2020-04-22",1892,688,6859,8909
"2020-04-23",3047,495,6877,9590
"2020-04-24",2045,322,1054,3303
"2020-04-25",934,268,929,2015
"2020-04-26",931,208,1170,2221
"2020-04-27",1285,356,1474,3003
"2020-04-28",5845,296,1313,7299
"2020-04-29",6603,283,1322,8079
"2020-04-30",21583,319,919,22688
"2020-05-01",20982,449,1061,22254
"2020-05-02",2987,751,1067,4575
"2020-05-03",3394,421,5017,7651
"2020-05-04",2378,459,3090,5310
"2020-05-05",3500,663,1213,5192
"2020-05-06",38326,534,926,39549
"2020-05-07",83054,1322,951,84686
"2020-05-08",21799,595,549,22636
"2020-05-09",9372,457,903,10572
"2020-05-10",5671,345,707,6559
"2020-05-11",3426,364,710,4361
"2020-05-12",5133,432,642,6114
"2020-05-13",5576,217,480,6176
"2020-05-14",3957,326,1026,5185
"2020-05-15",3252,338,735,4159
"2020-05-16",2398,351,742,3361
"2020-05-17",1756,621,909,3181
"2020-05-18",2071,563,681,3213
"2020-05-19",2336,530,1366,3904
"2020-05-20",3886,401,806,4885
"2020-05-21",2989,344,1196,4430
"2020-05-22",2777,371,1280,4319
"2020-05-23",2158,294,550,2935
"2020-05-24",2739,364,340,3345
"2020-05-25",2801,391,426,3456
"2020-05-26",197830,4056,850,198979
"2020-05-27",770171,162452,2323,856485
"2020-05-28",457976,9960,1702,462137
"2020-05-29",880487,20414,2816,887954
"2020-05-30",1235429,212427,4389,1249415
"2020-05-31",701634,23188,1279,707611
"2020-06-01",732016,12576,1276,736724
"2020-06-02",577147,9960,1218,582380
"2020-06-03",961850,39307,71741,1035693
"2020-06-04",994943,29670,30957,1031378
"2020-06-05",1729754,52114,18831,1770160
"2020-06-06",1547951,41133,16252,1580580
"2020-06-07",1832929,43285,17977,1867780
"2020-06-08",1878889,50159,14985,1916670
"2020-06-09",1484528,51877,14697,1522893
"2020-06-10",982094,43664,20033,1020579
"2020-06-11",1058794,42121,12139,1096244
"2020-06-12",1117031,33408,13525,1149465
"2020-06-13",1375767,46148,13708,1414370
"2020-06-14",1271645,34789,12169,1301791
"2020-06-15",822841,32048,13063,853217
"2020-06-16",500908,28549,15238,531888
"2020-06-17",473912,25089,11789,499012
"2020-06-18",541869,36873,72141,633606
"2020-06-19",572275,37338,21189,617389
"2020-06-20",447797,33211,12748,478333
"2020-06-21",438170,24411,10480,461131
"2020-06-22",369402,21315,15794,394371
"2020-06-23",372392,27374,7554,391644
"2020-06-24",248772,15791,6669,262473
"2020-06-25",279601,16852,9260,294861
"2020-06-26",304262,15995,24183,317997
"2020-06-27",304417,15545,8844,317864
"2020-06-28",289283,22108,9512,311195
"2020-06-29",626813,19983,9252,648066
"2020-06-30",468234,18272,10439,486494
"2020-07-01",445857,17639,9941,463064
"2020-07-02",217479,25926,11088,242998
"2020-07-03",144375,12263,6895,157878
"2020-07-04",182640,14208,7731,198576
"2020-07-05",402390,15546,7611,417884
"2020-07-06",268427,17954,6638,283283
"2020-07-07",237568,12584,7752,251805
"2020-07-08",213871,13724,5920,225139
"2020-07-09",198834,15136,5967,211981
"2020-07-10",236310,19855,7028,254739
"2020-07-11",151406,11168,7587,165779
"2020-07-12",151107,24908,65485,211159
"2020-07-13",216365,23400,59428,279634
"2020-07-14",202948,28309,25759,243845
"2020-07-15",148800,17609,10324,168412
"2020-07-16",172207,12286,8538,186854
"2020-07-17",132143,12182,8788,147379
"2020-07-18",127182,18246,18172,152863
"2020-07-19",124828,20467,20475,151272
"2020-07-20",115063,10246,10532,130021
"2020-07-21",152293,10561,5595,162870
"2020-07-22",136491,11171,5193,146218
"2020-07-23",145952,11092,5231,156630
"2020-07-24",175459,12871,5840,189346
"2020-07-25",250446,12645,5679,261587
"2020-07-26",238626,10304,7738,250199
"2020-07-27",170279,11405,6181,181472
"2020-07-28",140454,9873,4059,149545
"2020-07-29",145337,9026,4547,154791
"2020-07-30",94003,10137,6091,106357
"2020-07-31",95468,8404,4852,105017
"2020-08-01",96181,10726,4844,104241
"2020-08-02",111357,7671,5316,120148
"2020-08-03",118223,7356,7730,129026
"2020-08-04",128814,6917,5302,137898
"2020-08-05",79441,11196,4198,89452
"2020-08-06",60745,9357,4409,68827
"2020-08-07",50858,6469,7135,61488
"2020-08-08",85300,7260,5806,95565
"2020-08-09",66845,10795,4775,78235
"2020-08-10",119304,8907,4907,129268
"2020-08-11",80456,8818,4692,90304
"2020-08-12",66140,6864,3711,74382
"2020-08-13",111548,7860,3883,120413
"2020-08-14",109488,8819,6938,122678
"2020-08-15",68245,10032,6825,81455
"2020-08-16",75268,6708,6374,85550
"2020-08-17",105898,12730,8678,119993
"2020-08-18",85562,11078,6278,96497
"2020-08-19",75421,13513,19512,97691
"2020-08-20",89508,9396,12946,105398
"2020-08-21",79692,5907,7592,89578
"2020-08-22",96978,4368,6163,104639
"2020-08-23",67271,5490,4563,74874
"2020-08-24",650811,9485,6465,659413
"2020-08-25",349166,8433,6059,357462
"2020-08-26",304204,9003,6445,312256
"2020-08-27",443349,22477,8966,465196
"2020-08-28",310242,11319,8729,322493
"2020-08-29",250802,6352,9103,261273
"2020-08-30",231306,10223,8247,243495
"2020-08-31",142225,11458,11104,159849
"2020-09-01",96476,6741,8668,108359
"2020-09-02",121530,6875,5891,130548
"2020-09-03",134851,6627,6667,144675
"2020-09-04",138517,4678,8360,148718
"2020-09-05",104794,5102,5614,112315
"2020-09-06",101846,6781,4825,110165
"2020-09-07",80965,7197,3916,89568
"2020-09-08",64960,5759,4506,72446
"2020-09-09",60832,6087,5610,70699
"2020-09-10",42058,4230,5583,50222
"2020-09-11",50858,29538,6512,80717
"2020-09-12",50520,18864,7020,72425
"2020-09-13",147665,17784,212372,338391
"2020-09-14",86200,12745,86687,168538
"2020-09-15",65278,8616,39549,98607
"2020-09-16",56575,7309,13438,72764
"2020-09-17",44028,5815,8229,54552
"2020-09-18",45443,3691,7311,54116
"2020-09-19",38882,3438,4798,45806
"2020-09-20",48202,3173,5013,54577
"2020-09-21",57916,2963,4341,63081
"2020-09-22",36362,3071,5267,42948
"2020-09-23",115045,3963,5281,122033
"2020-09-24",188629,6184,18609,208190
"2020-09-25",60347,4718,12455,72960
"2020-09-26",53259,3948,6447,61034
"2020-09-27",51578,3130,4000,56733
"2020-09-28",36791,2110,3148,40854
"2020-09-29",41017,2639,3671,45626
"2020-09-30",40612,3073,3025,45394
"2020-10-01",33966,2627,999,37151
"2020-10-02",27664,2265,1024,30679
"2020-10-03",29297,2304,896,32192
"2020-10-04",19398,1614,1182,21904
"2020-10-05",28054,1696,1851,30868
"2020-10-06",24574,2650,1746,27269
"2020-10-07",37963,1251,2270,41061
"2020-10-08",27992,1159,1147,29858
"2020-10-09",46702,4917,1164,52322
"2020-10-10",45542,1835,1092,48170
"2020-10-11",83931,4629,1582,89700
"2020-10-12",42265,1785,1188,44277
"2020-10-13",22796,1552,1174,25197
"2020-10-14",22983,1151,901,24787
"2020-10-15",17883,924,489,19031
"2020-10-16",18629,918,1943,21209
"2020-10-17",20080,2064,1121,22962
"2020-10-18",45763,1681,1048,48201
"2020-10-19",35597,1221,659,37215
"2020-10-20",69072,2223,1083,71972
"2020-10-21",42981,1692,4357,48531
"2020-10-22",24199,1787,4762,30420
"2020-10-23",27274,1049,1261,29285
"2020-10-24",36846,893,871,38325
"2020-10-25",22770,1254,1340,24692
"2020-10-26",28633,1335,867,30135
"2020-10-27",39184,1890,1697,41929
"2020-10-28",35814,25062,25868,61166
"2020-10-29",22419,14201,14816,37168
"2020-10-30",20527,2964,3906,24892
"2020-10-31",21531,1358,1616,23715
"2020-11-01",20188,3272,3244,24057
"2020-11-02",54460,1385,1251,56285
"2020-11-03",135600,1518,1651,137443
"2020-11-04",35707,941,925,36853
"2020-11-05",21065,1020,608,22375
"2020-11-06",18361,1323,630,19648
"2020-11-07",22365,683,762,23512
"2020-11-08",22194,634,428,22996
"2020-11-09",15991,642,391,16799
"2020-11-10",11270,1130,929,12673
"2020-11-11",12242,561,970,13533
"2020-11-12",13721,555,573,14639
"2020-11-13",15972,459,549,16781
"2020-11-14",17495,816,1059,19147
"2020-11-15",29935,1809,912,32274
"2020-11-16",19045,542,432,19813
"2020-11-17",12544,589,419,13358
"2020-11-18",10128,480,396,10845
"2020-11-19",8390,479,428,9155
"2020-11-20",31919,892,1425,32996
"2020-11-21",19338,625,1210,20177
"2020-11-22",19181,516,316,19846
"2020-11-23",10633,482,328,11316
"2020-11-24",9123,545,516,10006
"2020-11-25",9808,546,604,10773
"2020-11-26",11013,482,619,11986
"2020-11-27",11057,483,640,12054
"2020-11-28",11098,709,422,12053
"2020-11-29",7284,582,349,8073
"2020-11-30",8339,686,187,9075
"2020-12-01",11886,481,371,12567
"2020-12-02",16102,363,414,16751
"2020-12-03",13566,638,440,14514
"2020-12-04",9410,534,1436,11237
"2020-12-05",9465,692,740,10595
"2020-12-06",14663,1797,659,16371
"2020-12-07",17663,830,425,18691
"2020-12-08",60155,869,771,61519
"2020-12-09",31808,685,509,32776
"2020-12-10",15275,517,267,15906
"2020-12-11",43215,698,409,43995
"2020-12-12",12922,711,954,14443
"2020-12-13",32262,547,2088,34733
"2020-12-14",14651,523,402,15403
"2020-12-15",9656,626,201,10249
"2020-12-16",12481,569,257,13059
"2020-12-17",11045,365,313,11560
"2020-12-18",7695,462,1429,9313
"2020-12-19",8920,450,1063,10215
"2020-12-20",6673,376,425,7357
"2020-12-21",6538,353,368,7137
"2020-12-22",5969,278,334,6484
"2020-12-23",5940,275,319,6459
"2020-12-24",6409,292,490,7005
"2020-12-25",5041,180,303,5437
"2020-12-26",7137,300,350,7690
"2020-12-27",11038,273,283,11450
"2020-12-28",7623,274,215,7961
"2020-12-29",7709,419,475,8429
"2020-12-30",11073,473,262,11714
"2020-12-31",13202,636,465,14098
"2021-01-01",19160,774,306,19858
"2021-01-02",8813,506,2822,11882
"2021-01-03",8055,416,979,9258
"2021-01-04",9055,286,279,9532
"2021-01-05",14299,375,314,14808
"2021-01-06",105961,706,6678,111942
"2021-01-07",185456,1980,3904,190343
"2021-01-08",39678,1025,5072,44922
"2021-01-09",23436,944,3592,26977
"2021-01-10",25878,1182,7816,32571
"2021-01-11",48509,927,6397,54457
"2021-01-12",22720,1669,2304,25879
"2021-01-13",14073,546,1775,16044
"2021-01-14",17318,471,1527,19081
"2021-01-15",13500,397,3263,16398
"2021-01-16",12600,456,874,13623
"2021-01-17",13713,649,578,14663
"2021-01-18",24851,908,461,25970
"2021-01-19",18851,489,622,19732
"2021-01-20",10980,505,1199,12337
"2021-01-21",9493,439,589,10345
"2021-01-22",119044,428,346,119645
"2021-01-23",80455,405,187,80894
"2021-01-24",16981,331,678,17846
"2021-01-25",10460,323,547,11228
"2021-01-26",9557,458,1200,11084
"2021-01-27",8637,339,663,9503
"2021-01-28",7617,367,1192,9031
"2021-01-29",10875,440,612,11720
"2021-01-30",17896,680,465,18787
"2021-01-31",13161,619,347,13930
"2021-02-01",18472,1362,641,20306
"2021-02-02",22799,597,922,24107
"2021-02-03",28222,1117,7604,35677
"2021-02-04",30977,999,1379,32902
"2021-02-05",35355,1593,1042,37476
"2021-02-06",16429,588,494,17268
"2021-02-07",13267,639,885,14519
"2021-02-08",16711,480,766,17759
"2021-02-09",13869,852,648,15219
"2021-02-10",11580,534,3212,14903
"2021-02-11",10439,631,3316,13874
"2021-02-12",14417,619,1781,16592
"2021-02-13",11334,659,996,12821
"2021-02-14",25647,556,598,26537
"2021-02-15",10987,374,932,12115
"2021-02-16",9088,393,1406,10752
"2021-02-17",10233,1103,341,10960
"2021-02-18",13882,538,554,14827
"2021-02-19",14793,568,492,15764
"2021-02-20",8384,468,307,9015
"2021-02-21",7185,287,232,7626
"2021-02-22",8798,427,321,9402
"2021-02-23",14887,354,791,15878
"2021-02-24",17853,338,585,18639
"2021-02-25",14190,943,289,15316
"2021-02-26",21893,943,333,22972
"2021-02-27",10490,663,315,11342
"2021-02-28",9693,433,404,10389
"2021-03-01",9313,382,518,10092
"2021-03-02",8977,593,565,9958
"2021-03-03",6915,448,275,7505
"2021-03-04",8825,491,419,9601
"2021-03-05",7182,307,341,7635
"2021-03-06",12271,331,531,13005
"2021-03-07",8005,327,309,8513
"2021-03-08",10238,536,379,10944
"2021-03-09",8581,460,352,9273
"2021-03-10",24100,614,362,24918
"2021-03-11",15360,5959,327,21149
"2021-03-12",12567,5000,219,17398
"2021-03-13",21259,1057,389,22381
"2021-03-14",31076,813,1002,32198
"2021-03-15",19876,572,1220,20866
"2021-03-16",9448,451,446,10165
"2021-03-17",27207,1199,522,28609
"2021-03-18",20588,977,3171,24113
"2021-03-19",11411,717,600,12429
"2021-03-20",14357,852,376,15224
"2021-03-21",13849,955,433,14704
"2021-03-22",13289,536,417,14006
"2021-03-23",23065,676,1225,24652
"2021-03-24",10083,972,622,11513
"2021-03-25",8640,524,425,9431
"2021-03-26",8358,578,370,9212
"2021-03-27",7636,559,577,8534
"2021-03-28",10446,916,550,11578
"2021-03-29",16450,1351,388,17388
"2021-03-30",28462,1481,301,29665
"2021-03-31",22330,1809,677,24034
"2021-04-01",14574,802,1008,16032
"2021-04-02",17172,446,842,18246
"2021-04-03",14170,447,1552,15967
"2021-04-04",8951,521,767,10072
"2021-04-05",9534,838,466,10519
"2021-04-06",12145,464,292,12715
"2021-04-07",10559,785,459,11455
"2021-04-08",10610,544,407,11416
"2021-04-09",14934,479,440,15635
"2021-04-10",49598,586,511,50361
"2021-04-11",20918,842,4523,25785
"2021-04-12",93650,986,2225,96299
"2021-04-13",72819,966,979,74205
"2021-04-14",30171,1548,890,31512
"2021-04-15",24108,1199,637,25516
"2021-04-16",26612,968,690,27874
"2021-04-17",15269,558,312,15862
"2021-04-18",14208,1036,1026,15845
"2021-04-19",19359,998,1393,21215
"2021-04-20",158842,1488,1231,160634
"2021-04-21",162770,1728,10236,165547
"2021-04-22",50452,1607,2061,52964
"2021-04-23",18554,857,1102,20142
"2021-04-24",11720,956,1125,13414
"2021-04-25",32286,2639,1016,33863
"2021-04-26",17059,1028,920,18580
"2021-04-27",12643,841,1078,14279
"2021-04-28",12231,623,1026,13619
"2021-04-29",11289,513,1129,12674
"2021-04-30",9186,584,2423,11919
"2021-05-01",9074,733,1918,11241
"2021-05-02",7917,624,1786,9991
"2021-05-03",9011,7408,2730,18880
"2021-05-04",10843,5158,778,16593
"2021-05-05",11639,1173,961,13559
"2021-05-06",9795,967,3028,13497
"2021-05-07",9661,680,954,10936
"2021-05-08",16433,673,961,17850
"2021-05-09",13840,2513,2338,16577
"2021-05-10",11910,809,590,12957
"2021-05-11",9116,2892,532,12386
"2021-05-12",8822,1801,1264,11651
"2021-05-13",8993,1533,2212,12526
"2021-05-14",27613,1137,2912,31427
"2021-05-15",9475,915,8467,18670
"2021-05-16",7878,974,1291,9874
"2021-05-17",9240,1579,598,10557
"2021-05-18",9115,853,354,10125
"2021-05-19",10977,881,642,12056
"2021-05-20",13050,858,1849,15513
"2021-05-21",9689,1177,2195,12639
"2021-05-22",12196,1205,397,13387
"2021-05-23",10359,712,262,11178
"2021-05-24",22053,1357,446,23188
"2021-05-25",63123,1476,653,64685
"2021-05-26",22907,2077,626,24189
"2021-05-27",10547,776,621,11687
"2021-05-28",12211,824,1048,13852
"2021-05-29",8899,654,933,10324
"2021-05-30",10610,494,528,11471
"2021-05-31",10715,525,442,11502
"2021-06-01",9817,654,2905,13121
"2021-06-02",8214,525,1110,9749
"2021-06-03",8263,610,401,9061
"2021-06-04",3871,297,305,4375
"2021-06-05",8405,486,1280,10039
"2021-06-06",12954,753,2695,16103
"2021-06-07",14176,1316,1034,15455
"2021-06-08",11577,669,506,12436
"2021-06-09",406,21,24,442
"2021-06-10",4547,178,115,4775
"2021-06-11",10984,651,329,11704
"2021-06-12",11615,625,374,12466
"2021-06-13",11119,1277,255,12221
"2021-06-14",13747,673,456,14645
"2021-06-15",17413,854,547,18314
"2021-06-16",12934,457,1197,14251
"2021-06-17",8454,291,1206,9778
"2021-06-18",9216,680,2439,11923
"2021-06-19",15472,694,2102,17716
"2021-06-20",11688,538,433,12483
"2021-06-21",10759,458,400,11481
"2021-06-22",8345,509,552,9194
"2021-06-23",10840,485,2020,13088
"2021-06-24",7398,393,1105,8741
"2021-06-25",14735,488,830,15876
"2021-06-26",16462,877,667,17445
"2021-06-27",8565,1304,1430,10215
"2021-06-28",15443,607,826,16614
"2021-06-29",10339,729,999,11875
"2021-06-30",7565,574,679,8683
"2021-07-01",6628,614,751,7861
"2021-07-02",6739,476,504,7594
"2021-07-03",6510,421,513,7354
"2021-07-04",11356,355,338,11939
"2021-07-05",7117,312,405,7734
"2021-07-06",7630,416,631,8410
"2021-07-07",7204,427,741,8213
"2021-07-08",6472,389,2475,9187
"2021-07-09",5817,383,5416,11501
"2021-07-10",5457,302,976,6591
"2021-07-11",8997,498,960,10362
"2021-07-12",33754,623,812,34888
"2021-07-13",16603,493,835,17759
"2021-07-14",13189,907,525,14356
"2021-07-15",16980,732,475,17951
"2021-07-16",12748,591,2171,15320
"2021-07-17",9029,469,1587,10971
"2021-07-18",9027,393,626,9958
"2021-07-19",6786,419,296,7410
"2021-07-20",6251,449,485,7067
"2021-07-21",8186,697,727,9433
"2021-07-22",6551,379,330,7115
"2021-07-23",11003,257,320,11452
"2021-07-24",8384,286,363,8934
"2021-07-25",9593,450,465,10379
"2021-07-26",7177,445,1182,8696
"2021-07-27",9472,374,5614,15225
"2021-07-28",9511,501,4649,14256
"2021-07-29",5369,1818,6097,13024
"2021-07-30",7392,680,8074,15994
"2021-07-31",4855,659,1831,7221
"2021-08-01",4785,494,6983,12126
"2021-08-02",5279,321,3709,9164
"2021-08-03",6241,497,1029,7645
"2021-08-04",9434,482,1050,10885
"2021-08-05",7170,399,2769,10204
"2021-08-06",7128,246,2369,9649
"2021-08-07",5302,416,2393,7984
"2021-08-08",6071,1195,8908,15042
"2021-08-09",7828,1784,6093,14596
"2021-08-10",8907,552,2916,12072
"2021-08-11",5987,302,2047,8149
"2021-08-12",5295,462,1801,7299
"2021-08-13",5102,513,1149,6581
"2021-08-14",4542,810,1148,6136
"2021-08-15",7348,515,497,8184
"2021-08-16",5110,410,465,5911
"2021-08-17",7493,328,2089,9757
"2021-08-18",4834,287,1422,6466
"2021-08-19",4263,438,1559,6166
"2021-08-20",4419,349,1467,6158
"2021-08-21",4332,325,1452,5989
"2021-08-22",4450,221,1130,5711
"2021-08-23",4388,268,839,5405
"2021-08-24",12428,273,3712,16317
"2021-08-25",44560,393,2115,46963
"2021-08-26",6817,801,730,8139
"2021-08-27",5527,488,1632,7449
"2021-08-28",5521,337,792,6544
"2021-08-29",5049,384,534,5855
"2021-08-30",5245,796,313,5875
"2021-08-31",8873,1727,380,9448
"2021-09-01",7342,306,268,7795
"2021-09-02",7730,429,270,8346
"2021-09-03",4908,318,306,5426
"2021-09-04",4687,260,230,5125
"2021-09-05",8027,198,554,8724
"2021-09-06",6413,322,147,6799
"2021-09-07",5342,476,609,6206
"2021-09-08",6485,636,403,7023
"2021-09-09",5306,315,295,5818
"2021-09-10",4953,288,384,5480
"2021-09-11",4397,254,184,4719
"2021-09-12",4511,338,118,4754
"2021-09-13",4985,248,202,5301
"2021-09-14",5345,3338,226,8827
"2021-09-15",4351,534,238,5056
"2021-09-16",4824,310,293,5369
"2021-09-17",4426,274,4519,9056
"2021-09-18",4799,237,3064,8053
"2021-09-19",3858,251,676,4717
"2021-09-20",5749,1245,2144,9075
"2021-09-21",7319,1315,1491,10017
"2021-09-22",6360,398,1213,7849
"2021-09-23",6346,346,305,6913
"2021-09-24",5965,527,272,6681
"2021-09-25",5194,605,214,5915
"2021-09-26",4660,371,301,5249
"2021-09-27",4610,281,306,5117
"2021-09-28",5920,323,1998,8151
"2021-09-29",5055,448,2713,8065
"2021-09-30",5705,512,2090,7883
"2021-10-01",6675,423,1426,8329
"2021-10-02",5565,420,397,6294
"2021-10-03",4933,252,2791,7823
"2021-10-04",5306,287,936,6370
"2021-10-05",5244,322,330,5833
"2021-10-06",6280,521,1061,7721
"2021-10-07",5310,357,1130,6711
"2021-10-08",5084,562,422,5919
"2021-10-09",5841,501,717,6858
"2021-10-10",6892,307,6013,13130
"2021-10-11",8440,294,6216,14758
"2021-10-12",5652,329,4282,10113
"2021-10-13",5778,309,1066,7006
"2021-10-14",6038,214,392,6505
"2021-10-15",5237,457,349,5880
"2021-10-16",5251,256,1239,6641
"2021-10-17",4714,375,1344,6121
"2021-10-18",4994,280,1297,6417
"2021-10-19",5016,307,2699,7725
"2021-10-20",4820,221,1301,6245
"2021-10-21",4955,253,449,5484
"2021-10-22",4667,302,355,5178
"2021-10-23",4898,325,381,5541
"2021-10-24",9859,358,749,10797
"2021-10-25",14537,337,420,15152
"2021-10-26",16586,883,288,17436
"2021-10-27",11674,604,529,12577
"2021-10-28",5603,390,1783,7655
"2021-10-29",4902,343,897,5988
"2021-10-30",4838,257,383,5371
"2021-10-31",5180,334,377,5797
"2021-11-01",4569,286,313,5054
"2021-11-02",4241,186,173,4549
"2021-11-03",4691,502,412,5391
"2021-11-04",5202,340,361,5780
"2021-11-05",6018,377,231,6499
"2021-11-06",4259,203,391,4790
"2021-11-07",7972,324,1130,9289
"2021-11-08",6151,414,3403,9882
"2021-11-09",5182,1084,7023,13168
"2021-11-10",5093,505,13297,18790
"2021-11-11",6425,337,2357,8954
"2021-11-12",7683,506,1368,9149
"2021-11-13",6813,388,332,7442
"2021-11-14",6787,199,2414,9290
"2021-11-15",5929,221,3090,9100
"2021-11-16",6109,278,562,6806
"2021-11-17",7635,449,398,8289
"2021-11-18",7280,425,621,8213
"2021-11-19",19511,518,279,20129
"2021-11-20",25979,1687,405,27175
"2021-11-21",10583,614,266,11265
"2021-11-22",2648,85,64,2779
"2021-11-23",12272,653,1300,14079
"2021-11-24",16193,820,1588,18411
"2021-11-25",9650,1031,635,11123
"2021-11-26",6117,632,300,6756
"2021-11-27",5609,627,244,6332
"2021-11-28",5908,785,506,7112
"2021-11-29",10242,425,249,10776
"2021-11-30",8079,327,284,8558
"2021-12-01",5079,439,301,5720
"2021-12-02",6231,345,1663,8127
"2021-12-03",5652,407,2823,8668
"2021-12-04",7950,852,3868,12482
"2021-12-05",6815,719,5183,12606
"2021-12-06",4946,430,2648,7876
"2021-12-07",5524,430,525,6352
"2021-12-08",7414,888,322,8454
"2021-12-09",6950,704,258,7729
"2021-12-10",6402,538,358,7181
"2021-12-11",4608,369,207,5073
"2021-12-12",4402,255,258,4812
"2021-12-13",5725,203,463,6323
"2021-12-14",7706,299,352,8229
"2021-12-15",5482,491,1435,7313
"2021-12-16",4674,465,513,5522
"2021-12-17",5155,589,356,6001
"2021-12-18",3871,497,323,4616
"2021-12-19",4275,302,366,4869
"2021-12-20",3881,442,557,4766
"2021-12-21",4324,310,593,5034
"2021-12-22",5552,503,737,6273
"2021-12-23",7945,372,399,8570
"2021-12-24",11974,360,1458,13602
"2021-12-25",3537,476,1727,5543
"2021-12-26",3957,169,462,4523
"2021-12-27",4061,189,555,4729
"2021-12-28",4220,241,634,5021
"2021-12-29",4420,316,382,5012
"2021-12-30",4283,237,4544,8941
"2021-12-31",4808,183,2924,7861
